"Species","Region","Year","prov_runsize_raw","prov_runsize_relative"
"Chinook","CC",1985,58168,62.3377736815595
"Chinook","CC",1986,58332,62.5135300232556
"Chinook","CC",1987,41527,44.5038634244623
"Chinook","CC",1988,39456,42.2844037680445
"Chinook","CC",1989,46351,49.6736719143509
"Chinook","CC",1990,48045,51.4891063218699
"Chinook","CC",1991,41176,44.1277019858323
"Chinook","CC",1992,70693,75.7606284360901
"Chinook","CC",1993,79563,85.2664744778215
"Chinook","CC",1994,49095,52.6143755827287
"Chinook","CC",1995,54203,58.0885426155544
"Chinook","CC",1996,44044,47.2012945954925
"Chinook","CC",1997,44056,47.2141548156166
"Chinook","CC",1998,56915,60.9949523636013
"Chinook","CC",1999,46241,49.5557865632133
"Chinook","CC",2000,57123,61.2178628457524
"Chinook","CC",2001,59424,63.6838100545488
"Chinook","CC",2002,48255,51.7141601740416
"Chinook","CC",2003,43940,47.089839354417
"Chinook","CC",2004,54016,57.8881375186205
"Chinook","CC",2005,63088,67.610463932441
"Chinook","CC",2006,60588,64.9312514065866
"Chinook","CC",2007,46143,49.4507614321998
"Chinook","CC",2008,30584,32.7764143562924
"Chinook","CC",2009,39151,41.9575398398903
"Chinook","CC",2010,41285,44.2445156519596
"Chinook","CC",2011,41680,44.6678312310446
"Chinook","CC",2012,19172,20.5463450182722
"Chinook","CC",2013,55481,59.4581560587712
"Chinook","CC",2014,49446,52.9905370213587
"Chinook","CC",2015,93311,100
"Chinook","CC",2016,60630,64.9762621770209
"Chinook","CC",2017,29994,32.1441202001908
"Chinook","Nass",1986,48930,100
"Chinook","Nass",1987,27449,56.098508072757
"Chinook","Nass",1988,21690,44.3286327406499
"Chinook","Nass",1989,37153,75.9309217249131
"Chinook","Nass",1990,33728,68.9311260985081
"Chinook","Nass",1991,12771,26.1005518087063
"Chinook","Nass",1992,35810,73.1861843449826
"Chinook","Nass",1993,45916,93.8401798487635
"Chinook","Nass",1994,42760,87.3901491927243
"Chinook","Nass",1995,21849,44.653586756591
"Chinook","Nass",1996,42061,85.9615777641529
"Chinook","Nass",1997,36694,74.9928469241774
"Chinook","Nass",1998,46174,94.3674637236869
"Chinook","Nass",1999,29353,59.9897813202534
"Chinook","Nass",2000,33122,67.692622113223
"Chinook","Nass",2001,47688,97.4616799509503
"Chinook","Nass",2002,28609,58.4692417739628
"Chinook","Nass",2003,43866,89.6505211526671
"Chinook","Nass",2004,33726,68.9270386266094
"Chinook","Nass",2005,27887,56.9936644185571
"Chinook","Nass",2006,44127,90.1839362354384
"Chinook","Nass",2007,39345,80.4107909258124
"Chinook","Nass",2008,30084,61.4837522992029
"Chinook","Nass",2009,39798,81.3366033108522
"Chinook","Nass",2010,27787,56.7892908236256
"Chinook","Nass",2011,18647,38.1095442468833
"Chinook","Nass",2012,15888,32.4708767627223
"Chinook","Nass",2013,16477,33.674637236869
"Chinook","Nass",2014,22324,45.6243613325158
"Chinook","Nass",2015,32411,66.2395258532598
"Chinook","Nass",2016,17676,36.1250766400981
"Chinook","Nass",2017,10745,21.9599427753934
"Chinook","Skeena",1984,87861,38.239006302009
"Chinook","Skeena",1985,160644,69.9157410953658
"Chinook","Skeena",1986,162622,70.7766094495317
"Chinook","Skeena",1987,106591,46.3907071480798
"Chinook","Skeena",1988,229768,100
"Chinook","Skeena",1989,135427,58.9407576337871
"Chinook","Skeena",1990,136847,59.5587723268688
"Chinook","Skeena",1991,197494,85.9536576024512
"Chinook","Skeena",1992,158683,69.0622715086522
"Chinook","Skeena",1993,175602,76.4257860102364
"Chinook","Skeena",1994,68812,29.9484697608022
"Chinook","Skeena",1995,111498,48.5263396121305
"Chinook","Skeena",1996,163263,71.0555865046482
"Chinook","Skeena",1997,100109,43.5696006406462
"Chinook","Skeena",1998,91127,39.6604400960969
"Chinook","Skeena",1999,112684,49.0425124473382
"Chinook","Skeena",2000,137256,59.736777967341
"Chinook","Skeena",2001,178191,77.5525747710734
"Chinook","Skeena",2002,92962,40.4590717593399
"Chinook","Skeena",2003,113221,49.2762264545106
"Chinook","Skeena",2004,82152,35.7543261028516
"Chinook","Skeena",2005,87479,38.0727516451377
"Chinook","Skeena",2006,112443,48.9376240381602
"Chinook","Skeena",2007,98476,42.8588837436022
"Chinook","Skeena",2008,108533,47.2359075241113
"Chinook","Skeena",2009,76430,33.2639880227012
"Chinook","Skeena",2010,79154,34.4495317015424
"Chinook","Skeena",2011,79916,34.7811705720553
"Chinook","Skeena",2012,75394,32.8130984297204
"Chinook","Skeena",2015,82374,35.8509453013475
"Chinook","Skeena",2016,78619,34.2166881375997
"Chinook","Skeena",2017,30337,13.2033181295916
"Chum","CC",1954,2469256,61.6089368358046
"Chum","CC",1955,1252747,31.2565448030677
"Chum","CC",1956,1349647,33.6742390313654
"Chum","CC",1957,2103228,52.4763900556668
"Chum","CC",1958,2566528,64.0359126147001
"Chum","CC",1959,712264,17.7712751478249
"Chum","CC",1960,1181731,29.484666853462
"Chum","CC",1961,898806,22.4255735661439
"Chum","CC",1962,1940521,48.4167845365375
"Chum","CC",1963,1795989,44.8106526252442
"Chum","CC",1964,2377454,59.3184397713445
"Chum","CC",1965,828796,20.6787957238
"Chum","CC",1966,2560919,63.895965793993
"Chum","CC",1967,1387887,34.6283425121714
"Chum","CC",1968,3207705,80.0335383341762
"Chum","CC",1969,1280888,31.9586741454673
"Chum","CC",1970,2908548,72.5694500756122
"Chum","CC",1971,1164620,29.0577404763681
"Chum","CC",1972,2759554,68.851989457955
"Chum","CC",1973,3185796,79.4868999146946
"Chum","CC",1974,1912474,47.7170005321921
"Chum","CC",1975,810144,20.2134207728588
"Chum","CC",1976,1052415,26.2581803021045
"Chum","CC",1977,1171132,29.2202175126393
"Chum","CC",1978,1850230,46.1639875337797
"Chum","CC",1979,1169161,29.1710402647138
"Chum","CC",1980,1448042,36.1292341148881
"Chum","CC",1981,1183936,29.5396824961183
"Chum","CC",1982,1666455,41.5787268856331
"Chum","CC",1983,1125167,28.0733721544999
"Chum","CC",1984,1013236,25.2806483911605
"Chum","CC",1985,2105158,52.5245443369941
"Chum","CC",1986,3850669,96.0757504270886
"Chum","CC",1987,1638978,40.8931646120424
"Chum","CC",1988,3361897,83.8806911561544
"Chum","CC",1989,1442391,35.988239377178
"Chum","CC",1990,2687684,67.0588038626221
"Chum","CC",1991,1247210,31.1183944115085
"Chum","CC",1992,873073,21.7835247985816
"Chum","CC",1993,1055114,26.3255214447482
"Chum","CC",1994,1938213,48.3591990021834
"Chum","CC",1995,2449010,61.1037909395599
"Chum","CC",1996,1569280,39.1541712960064
"Chum","CC",1997,1213456,30.2762184467824
"Chum","CC",1998,3987870,99.4989709205527
"Chum","CC",1999,1215954,30.3385445580547
"Chum","CC",2000,1070828,26.7175921062907
"Chum","CC",2001,1612615,40.2353970894355
"Chum","CC",2002,2918749,72.8239691553115
"Chum","CC",2003,4007951,100
"Chum","CC",2004,3113634,77.6864288011505
"Chum","CC",2005,1751427,43.6988126850852
"Chum","CC",2006,1627065,40.5959304392693
"Chum","CC",2007,879137,21.9348240534877
"Chum","CC",2008,334897,8.35581572728808
"Chum","CC",2009,653220,16.2981034448774
"Chum","CC",2010,353897,8.82987341911116
"Chum","CC",2011,1417561,35.3687208251798
"Chum","CC",2012,1230742,30.7075111447221
"Chum","CC",2013,1356536,33.8461223702585
"Chum","CC",2014,674460,16.828050043526
"Chum","CC",2015,2879305,71.8398253870868
"Chum","CC",2016,1806903,45.0829613435893
"Chum","CC",2017,1275571,31.8260128429714
"Chum","CC",2018,1074322,26.8047688207765
"Chum","CC",2019,766049,19.1132326717567
"Chum","CC",2020,124415,3.10420461727202
"Chum","CC",2021,360369,8.991352439189
"Chum","HG",1954,1561098,78.716909206426
"Chum","HG",1955,242276,12.2165411107413
"Chum","HG",1956,407833,20.564598271463
"Chum","HG",1957,883543,44.5518308978509
"Chum","HG",1958,476187,24.01128490606
"Chum","HG",1959,137836,6.95025161609133
"Chum","HG",1960,397134,20.0251111850664
"Chum","HG",1961,583516,29.423249528535
"Chum","HG",1962,709449,35.773303482286
"Chum","HG",1963,767603,38.7056646396192
"Chum","HG",1964,1983180,100
"Chum","HG",1965,873462,44.0435058844885
"Chum","HG",1966,1134579,57.2100868302423
"Chum","HG",1967,1141399,57.5539789630795
"Chum","HG",1968,1410623,71.1293478151252
"Chum","HG",1969,665608,33.5626619873133
"Chum","HG",1970,1082200,54.56892465636
"Chum","HG",1971,955502,48.1802962918142
"Chum","HG",1972,837900,42.2503252352283
"Chum","HG",1973,1015747,51.2180941719864
"Chum","HG",1974,608145,30.6651438598614
"Chum","HG",1975,275897,13.9118486471223
"Chum","HG",1976,398335,20.0856704888109
"Chum","HG",1977,597108,30.1086134390222
"Chum","HG",1978,606205,30.5673211710485
"Chum","HG",1979,219994,11.0929920632519
"Chum","HG",1980,579808,29.2362770903297
"Chum","HG",1981,428864,21.625066811888
"Chum","HG",1982,580428,29.2675400114967
"Chum","HG",1983,353471,17.8234451739126
"Chum","HG",1984,938102,47.3029175364818
"Chum","HG",1985,1477686,74.5109369800018
"Chum","HG",1986,984832,49.6592341592795
"Chum","HG",1987,872370,43.9884428039815
"Chum","HG",1988,968079,48.814479774907
"Chum","HG",1989,698862,35.2394638913261
"Chum","HG",1990,906502,45.709517038292
"Chum","HG",1991,767082,38.6793937010256
"Chum","HG",1992,437385,22.0547302816688
"Chum","HG",1993,641206,32.3322139190593
"Chum","HG",1994,588208,29.6598392480763
"Chum","HG",1995,461352,23.2632438810395
"Chum","HG",1996,542449,27.3524843937514
"Chum","HG",1997,455497,22.9680109722768
"Chum","HG",1998,703513,35.4739862241451
"Chum","HG",1999,738991,37.2629312518279
"Chum","HG",2000,516213,26.0295585877228
"Chum","HG",2001,364933,18.4014058229712
"Chum","HG",2002,330454,16.6628344376204
"Chum","HG",2003,380082,19.1652800048407
"Chum","HG",2004,421323,21.2448189271776
"Chum","HG",2005,467297,23.5630149557781
"Chum","HG",2006,362043,18.2556802710798
"Chum","HG",2007,165131,8.32657650843595
"Chum","HG",2008,267835,13.5053298238183
"Chum","HG",2009,388730,19.6013473310542
"Chum","HG",2010,271853,13.7079337226071
"Chum","HG",2011,248056,12.5079922145241
"Chum","HG",2012,356021,17.9520265432286
"Chum","HG",2013,184876,9.32219969947256
"Chum","Nass",1958,285373,35.6025560412799
"Chum","Nass",1959,624298,77.8861508673174
"Chum","Nass",1960,284102,35.4439886619957
"Chum","Nass",1961,530385,66.1697556739925
"Chum","Nass",1963,187812,23.4310437750764
"Chum","Nass",1964,801552,100
"Chum","Nass",1965,177460,22.1395492744076
"Chum","Nass",1966,396438,49.4587999281394
"Chum","Nass",1967,549005,68.4927490668104
"Chum","Nass",1968,133378,16.6399684611853
"Chum","Nass",1970,109667,13.6818322454438
"Chum","Nass",1974,326120,40.6860690260894
"Chum","Nass",1976,143600,17.9152444258139
"Chum","Nass",1981,45799,5.71379024692097
"Chum","Nass",1982,64510,8.04813661496696
"Chum","Nass",1983,160451,20.0175409705172
"Chum","Nass",1987,96992,12.1005249815358
"Chum","Nass",1988,141262,17.6235602930315
"Chum","Nass",1989,123330,15.3864003832565
"Chum","Nass",1990,97281,12.1365800347326
"Chum","Nass",1991,119841,14.9511198275346
"Chum","Nass",2005,86890,10.8402199732519
"Chum","Nass",2009,59130,7.37693873884664
"Chum","Nass",2010,41614,5.19167814439986
"Chum","Nass",2011,44013,5.49097251332415
"Chum","Nass",2012,45836,5.71840629179392
"Chum","Nass",2013,37021,4.6186647903068
"Chum","Nass",2014,48900,6.1006647104617
"Chum","Nass",2015,184094,22.96719364433
"Chum","Nass",2016,51429,6.41617761542607
"Chum","Skeena",1954,225800,63.5479930879597
"Chum","Skeena",1955,46941,13.2108341166604
"Chum","Skeena",1956,132467,37.2808325969121
"Chum","Skeena",1957,49790,14.0126420542494
"Chum","Skeena",1958,29912,8.41827975751572
"Chum","Skeena",1961,159747,44.9583757830925
"Chum","Skeena",1962,32544,9.15901632885101
"Chum","Skeena",1964,25362,7.13775111026055
"Chum","Skeena",1965,25307,7.12227219254648
"Chum","Skeena",1966,66100,18.602844743641
"Chum","Skeena",1967,65939,18.5575337299689
"Chum","Skeena",1968,42876,12.0668013801566
"Chum","Skeena",1969,34538,9.72019745470306
"Chum","Skeena",1970,33678,9.47816346862846
"Chum","Skeena",1971,13271,3.73492212697215
"Chum","Skeena",1972,109276,30.7540765840562
"Chum","Skeena",1973,72544,20.4164110299953
"Chum","Skeena",1974,38315,10.7831769493586
"Chum","Skeena",1975,24861,6.99675224162872
"Chum","Skeena",1976,24892,7.00547672252211
"Chum","Skeena",1977,35937,10.1139248343756
"Chum","Skeena",1978,21291,5.99202976455159
"Chum","Skeena",1981,52758,14.8479407410743
"Chum","Skeena",1982,17704,4.98252289472647
"Chum","Skeena",1983,9671,2.72175660386917
"Chum","Skeena",1984,105328,29.6429717270532
"Chum","Skeena",1985,56018,15.7654184092176
"Chum","Skeena",1986,36381,10.2388819155583
"Chum","Skeena",1987,15947,4.48804183247871
"Chum","Skeena",1988,355322,100
"Chum","Skeena",1989,68305,19.2234086265416
"Chum","Skeena",1990,19298,5.43113007356707
"Chum","Skeena",1991,19519,5.4933271792909
"Chum","Skeena",1992,23802,6.69871271691592
"Chum","Skeena",1993,38647,10.8766133253781
"Chum","Skeena",1994,28419,7.99809750029551
"Chum","Skeena",1995,28928,8.14134784786757
"Chum","Skeena",1996,29165,8.20804791147185
"Chum","Skeena",1997,61555,17.3237232707235
"Chum","Skeena",1998,37221,10.4752872042823
"Chum","Skeena",2003,16300,4.58738834071631
"Chum","Skeena",2004,37338,10.5082150837832
"Chum","Skeena",2005,34309,9.65574887003901
"Chum","Skeena",2007,10967,3.08649619218624
"Chum","Skeena",2008,5320,1.49723349525219
"Chum","Skeena",2009,9269,2.60861978712267
"Chum","Skeena",2010,4735,1.33259409774796
"Chum","Skeena",2011,9406,2.64717636397409
"Chum","Skeena",2012,6898,1.94133771621234
"Chum","Skeena",2013,2804,0.789143368550216
"Chum","Skeena",2014,3291,0.926202149036648
"Chum","Skeena",2015,2998,0.843741732850766
"Chum","Skeena",2016,4916,1.38353380877064
"Chum","Skeena",2017,2597,0.730886350971795
"Chum","VIMI",1953,1269502,81.9577642189557
"Chum","VIMI",1954,1548971,100
"Chum","VIMI",1955,410774,26.5191536833162
"Chum","VIMI",1956,805621,52.0100763668268
"Chum","VIMI",1957,698780,45.1125295438068
"Chum","VIMI",1958,856046,55.2654633301721
"Chum","VIMI",1959,600767,38.7849094657034
"Chum","VIMI",1960,869230,56.1166090262503
"Chum","VIMI",1961,373752,24.1290508343926
"Chum","VIMI",1962,362862,23.4260034564882
"Chum","VIMI",1963,257824,16.6448564885979
"Chum","VIMI",1964,362120,23.3781006874887
"Chum","VIMI",1965,193184,12.4717635126804
"Chum","VIMI",1966,357822,23.1006261576234
"Chum","VIMI",1967,303785,19.6120521300915
"Chum","VIMI",1968,480797,31.039767690938
"Chum","VIMI",1969,365307,23.5838501818304
"Chum","VIMI",1970,577464,37.2804913713685
"Chum","VIMI",1971,361689,23.3502757637167
"Chum","VIMI",1972,801970,51.7743715021133
"Chum","VIMI",1973,809848,52.2829672085533
"Chum","VIMI",1974,646660,41.7477150960218
"Chum","VIMI",1975,366385,23.6534447707543
"Chum","VIMI",1976,441956,28.5322320430789
"Chum","VIMI",1977,317020,20.4664903345511
"Chum","VIMI",1978,716441,46.2527058285791
"Chum","VIMI",1979,156192,10.0835974333929
"Chum","VIMI",1980,943677,60.9228319962091
"Chum","VIMI",1981,429436,27.7239535149464
"Chum","VIMI",1982,966004,62.3642405183829
"Chum","VIMI",1983,391212,25.256250762603
"Chum","VIMI",1984,410715,26.5153447030319
"Chum","VIMI",1985,693703,44.7847635623908
"Chum","VIMI",1986,465667,30.0629902044648
"Chum","VIMI",1987,212445,13.7152341780446
"Chum","VIMI",1988,276988,17.8820649321388
"Chum","VIMI",1989,136706,8.82560099575783
"Chum","VIMI",1990,121842,7.86599620005797
"Chum","VIMI",1991,343948,22.2049347599148
"Chum","VIMI",1992,739464,47.7390474063104
"Chum","VIMI",1993,474023,30.6024451071066
"Chum","VIMI",1994,450414,29.0782719624835
"Chum","VIMI",1995,124006,8.00570184980868
"Chum","VIMI",1996,226737,14.6379112326829
"Chum","VIMI",1997,380896,24.590260243736
"Chum","VIMI",1998,1088588,70.2781394874404
"Chum","VIMI",1999,459525,29.6664689009672
"Chum","VIMI",2000,231231,14.9280393241707
"Chum","VIMI",2001,239064,15.4337298761565
"Chum","VIMI",2002,530300,34.2356312674672
"Chum","VIMI",2003,390723,25.2246814175346
"Chum","VIMI",2004,676637,43.6829998754012
"Chum","VIMI",2005,426104,27.5088429673635
"Chum","VIMI",2006,409392,26.4299331620799
"Chum","VIMI",2007,364439,23.5278129803592
"Chum","VIMI",2008,282584,18.2433370282594
"Chum","VIMI",2009,190743,12.3141750232897
"Chum","VIMI",2010,237864,15.3562590907125
"Chum","VIMI",2011,583268,37.655191736966
"Chum","VIMI",2012,277140,17.8918778982951
"Chum","VIMI",2013,274089,17.6949084263037
"Chum","VIMI",2014,263504,17.0115515396996
"Chum","VIMI",2015,264354,17.0664266793891
"Coho","CC",1954,1035769,54.4968909850668
"Coho","CC",1955,861427,45.3239026371644
"Coho","CC",1956,1130115,59.4608971262789
"Coho","CC",1958,464935,24.4625124039646
"Coho","CC",1959,1020842,53.7115082484392
"Coho","CC",1960,548470,28.8576987712314
"Coho","CC",1961,1203259,63.3093619810986
"Coho","CC",1962,922072,48.5147337527794
"Coho","CC",1963,1263739,66.4915116368393
"Coho","CC",1964,1900602,100
"Coho","CC",1965,1525273,80.2520990717678
"Coho","CC",1966,1188211,62.5176128405632
"Coho","CC",1967,639127,33.6276085156177
"Coho","CC",1968,1377460,72.4749316269266
"Coho","CC",1969,296019,15.5750125486556
"Coho","CC",1970,589080,30.994390198474
"Coho","CC",1971,598921,31.5121735113401
"Coho","CC",1972,961746,50.6021776258259
"Coho","CC",1973,713706,37.5515757638895
"Coho","CC",1974,808506,42.539469073483
"Coho","CC",1975,524006,27.5705276538697
"Coho","CC",1976,600760,31.6089323277572
"Coho","CC",1977,578777,30.4522987979598
"Coho","CC",1978,826926,43.508635684904
"Coho","CC",1979,685523,36.0687298024521
"Coho","CC",1980,553313,29.112512772269
"Coho","CC",1981,528403,27.8018754057925
"Coho","CC",1982,412843,21.721696599288
"Coho","CC",1983,529026,27.8346544936815
"Coho","CC",1984,649551,34.1760663200397
"Coho","CC",1985,554855,29.1936449609124
"Coho","CC",1986,736169,38.7334644496849
"Coho","CC",1987,429280,22.5865278474925
"Coho","CC",1988,451239,23.74189861949
"Coho","CC",1989,333672,17.5561216919692
"Coho","CC",1990,568959,29.9357256279852
"Coho","CC",1991,346966,18.2555842832955
"Coho","CC",1992,519139,27.3144508950322
"Coho","CC",1994,410529,21.5999457014146
"Coho","CC",1995,171084,9.00156897656637
"Coho","CC",1996,288227,15.1650371829557
"Coho","CC",1997,263619,13.8702895187946
"Coho","CC",1998,795176,41.8381123454569
"Coho","CC",2002,711607,37.4411370713069
"Coho","CC",2004,616560,32.4402478793561
"Coho","CC",2005,840830,44.2401933703111
"Coho","CC",2006,433737,22.8210324939151
"Coho","CC",2007,390669,20.5550136219998
"Coho","CC",2008,304657,16.0295001268019
"Coho","CC",2009,1452269,76.4110003041142
"Coho","CC",2010,546530,28.7556258490731
"Coho","CC",2011,859554,45.2253549138641
"Coho","CC",2012,548880,28.8792708836463
"Coho","CC",2013,592785,31.1893284338331
"Coho","CC",2014,553268,29.1101451013942
"Coho","CC",2016,542503,28.543745613232
"Coho","CC",2018,132686,6.98126172654769
"Coho","CC",2019,197725,10.4032827493605
"Coho","HG",1954,569572,43.7621973145163
"Coho","HG",1955,461759,35.4785496298163
"Coho","HG",1956,343150,26.3654077245305
"Coho","HG",1957,459333,35.292151613964
"Coho","HG",1958,337220,25.9097852043309
"Coho","HG",1959,103257,7.93359436226677
"Coho","HG",1960,430312,33.062367270168
"Coho","HG",1961,1196012,91.8937608143119
"Coho","HG",1962,250014,19.2094449856936
"Coho","HG",1963,316826,24.3428432689264
"Coho","HG",1964,1301516,100
"Coho","HG",1965,498542,38.3047154241669
"Coho","HG",1966,710345,54.5782764099711
"Coho","HG",1967,569134,43.7285442514729
"Coho","HG",1968,357548,27.4716561302358
"Coho","HG",1969,400307,30.7569787847403
"Coho","HG",1970,622944,47.8629536632665
"Coho","HG",1971,219707,16.8808527901309
"Coho","HG",1972,514965,39.56655162134
"Coho","HG",1973,221055,16.9844243174882
"Coho","HG",1975,340270,26.1441273099985
"Coho","HG",1976,304565,23.4007880041429
"Coho","HG",1977,211198,16.2270767320571
"Coho","HG",1978,426338,32.7570310315048
"Coho","HG",1979,293825,22.575596458284
"Coho","HG",1980,218816,16.8123941618851
"Coho","HG",1981,239812,18.425589850605
"Coho","HG",1982,187622,14.4156506719856
"Coho","HG",1983,205590,15.7961945915379
"Coho","HG",1984,183920,14.1312131391393
"Coho","HG",1985,267661,20.5653253590428
"Coho","HG",1986,210962,16.2089440314218
"Coho","HG",1987,187743,14.424947522735
"Coho","HG",1988,238346,18.31295197293
"Coho","HG",1989,164566,12.6441780200935
"Coho","HG",1990,94996,7.29887300655543
"Coho","HG",1991,138907,10.6727078268727
"Coho","HG",1992,189076,14.5273665479333
"Coho","HG",1993,135667,10.4237673605242
"Coho","HG",1994,355765,27.3346620402669
"Coho","HG",1995,77197,5.93131394466146
"Coho","HG",1996,161552,12.4126019196076
"Coho","HG",1997,87694,6.73783495554415
"Coho","HG",1998,241890,18.585249816368
"Coho","HG",1999,186384,14.3205308271278
"Coho","HG",2000,220065,16.9083591749929
"Coho","HG",2001,268647,20.6410831676291
"Coho","HG",2005,461304,35.4435903976593
"Coho","HG",2006,314794,24.1867176431177
"Coho","HG",2007,243207,18.68643950593
"Coho","HG",2008,158270,12.1604344472139
"Coho","HG",2009,493961,37.952741264802
"Coho","HG",2010,274427,21.0851806662384
"Coho","HG",2011,206021,15.8293098202404
"Coho","HG",2012,167078,12.8371837149908
"Coho","HG",2015,373579,28.7033736043199
"Coho","HG",2016,292204,22.4510493916325
"Coho","HG",2017,216428,16.628915818169
"Coho","Nass",1959,78926,7.76433321528352
"Coho","Nass",1965,268915,26.4544721205682
"Coho","Nass",1966,218343,21.479459331838
"Coho","Nass",1968,136634,13.4413489159092
"Coho","Nass",1969,110962,10.9158698304018
"Coho","Nass",1970,135875,13.3666824066423
"Coho","Nass",1971,228815,22.5096407350569
"Coho","Nass",1972,116175,11.4286979105182
"Coho","Nass",1974,141985,13.9677527249833
"Coho","Nass",1975,131413,12.9277338370126
"Coho","Nass",1976,131593,12.945441309566
"Coho","Nass",1977,118019,11.6101011293432
"Coho","Nass",1978,228037,22.4331051036871
"Coho","Nass",1979,182703,17.9733797662614
"Coho","Nass",1980,186302,18.3274308424822
"Coho","Nass",1981,216410,21.2893007515838
"Coho","Nass",1982,207904,20.4525242985873
"Coho","Nass",1983,456922,44.9496320780703
"Coho","Nass",1984,524788,51.6259394797938
"Coho","Nass",1985,519237,51.0798607012159
"Coho","Nass",1986,557198,54.8142682878841
"Coho","Nass",1987,259284,25.5070239641129
"Coho","Nass",1988,108860,10.7090859009169
"Coho","Nass",1989,223137,21.9510683508441
"Coho","Nass",1990,535207,52.6509070160941
"Coho","Nass",1991,306233,30.1256246802817
"Coho","Nass",1992,390007,38.3668791563373
"Coho","Nass",1993,214146,21.0665800968008
"Coho","Nass",1994,955901,94.0366151182466
"Coho","Nass",1995,457808,45.0367921929721
"Coho","Nass",1996,405059,39.8476173611931
"Coho","Nass",1997,128393,12.6306417975052
"Coho","Nass",1998,260410,25.6177940424192
"Coho","Nass",1999,349588,34.3906661944674
"Coho","Nass",2000,223964,22.0324243497423
"Coho","Nass",2001,495124,48.7077480029906
"Coho","Nass",2002,393408,38.7014520127494
"Coho","Nass",2003,351611,34.5896785109983
"Coho","Nass",2004,328173,32.2839688348483
"Coho","Nass",2005,439849,43.2700783063786
"Coho","Nass",2006,235546,23.1718018337072
"Coho","Nass",2008,186482,18.3451383150356
"Coho","Nass",2010,266545,26.2213237319482
"Coho","Nass",2012,283625,27.9015661275725
"Coho","Nass",2013,1016520,100
"Coho","Nass",2014,482756,47.4910478888758
"Coho","Skeena",1954,984786,60.2218357402841
"Coho","Skeena",1955,751264,45.9414504324684
"Coho","Skeena",1956,1456626,89.0758923329811
"Coho","Skeena",1957,829664,50.7357833352902
"Coho","Skeena",1958,1635264,100
"Coho","Skeena",1960,1526558,93.3523883605338
"Coho","Skeena",1961,898833,54.965620230128
"Coho","Skeena",1962,677951,41.4581987984815
"Coho","Skeena",1963,1216496,74.3914132519275
"Coho","Skeena",1964,898972,54.9741203866776
"Coho","Skeena",1965,1627943,99.5523047043169
"Coho","Skeena",1966,1049348,64.1699444248757
"Coho","Skeena",1967,414064,25.3209267739032
"Coho","Skeena",1968,1133858,69.3379173026496
"Coho","Skeena",1969,521638,31.8993141168643
"Coho","Skeena",1970,745478,45.5876237720637
"Coho","Skeena",1971,645105,39.4495934601386
"Coho","Skeena",1972,675421,41.3034837188368
"Coho","Skeena",1973,339804,20.7797640014089
"Coho","Skeena",1974,308271,18.8514515087472
"Coho","Skeena",1975,128010,7.82809381237525
"Coho","Skeena",1976,252434,15.4368958162107
"Coho","Skeena",1977,314717,19.2456386247114
"Coho","Skeena",1978,541274,33.1000988219639
"Coho","Skeena",1979,224326,13.7180296270205
"Coho","Skeena",1980,576535,35.2563867363313
"Coho","Skeena",1981,341143,20.8616468044304
"Coho","Skeena",1982,240750,14.7223934483973
"Coho","Skeena",1983,616633,37.7084678681852
"Coho","Skeena",1984,630379,38.5490660835192
"Coho","Skeena",1985,352485,21.5552351179993
"Coho","Skeena",1986,1191780,72.8799753434308
"Coho","Skeena",1987,537609,32.8759759891981
"Coho","Skeena",1988,127754,7.81243884779461
"Coho","Skeena",1989,514470,31.4609751086063
"Coho","Skeena",1990,1080087,66.0497020664553
"Coho","Skeena",1991,540178,33.033076004853
"Coho","Skeena",1992,518845,31.7285160072013
"Coho","Skeena",1993,268301,16.4071978591836
"Coho","Skeena",1994,626354,38.3029284568119
"Coho","Skeena",1995,123773,7.56899191812454
"Coho","Skeena",1996,287585,17.5864569879848
"Coho","Skeena",1997,78737,4.81494119603929
"Coho","Skeena",1998,218207,13.3438392822199
"Coho","Skeena",1999,458504,28.0385307815741
"Coho","Skeena",2000,260267,15.9159010410551
"Coho","Skeena",2001,640005,39.1377172126336
"Coho","Skeena",2002,481760,29.4606864701969
"Coho","Skeena",2003,491360,30.047747641971
"Coho","Skeena",2004,440046,26.9097833744276
"Coho","Skeena",2005,705173,43.1228841336934
"Coho","Skeena",2006,388471,23.7558583812767
"Coho","Skeena",2007,394299,24.1122534343079
"Coho","Skeena",2008,298087,18.2286774490235
"Coho","Skeena",2009,766491,46.8726150639897
"Coho","Skeena",2010,496533,30.3640880004696
"Coho","Skeena",2011,263437,16.1097535321514
"Coho","Skeena",2012,330260,20.1961273531369
"Coho","Skeena",2013,661281,40.4387915345779
"Coho","Skeena",2014,563904,34.4839732300106
"Coho","Skeena",2015,264868,16.197262338069
"Coho","Skeena",2016,587494,35.9265537552346
"Coho","Skeena",2017,288808,17.6612461351806
"Pink (Even)","CC",1954,3554788,9.69912793227853
"Pink (Even)","CC",1956,6097292,16.636270615423
"Pink (Even)","CC",1958,4547519,12.4077634321561
"Pink (Even)","CC",1960,10356878,28.2584178581117
"Pink (Even)","CC",1962,36650594,100
"Pink (Even)","CC",1964,12507701,34.1268711770401
"Pink (Even)","CC",1966,13434240,36.6549038741364
"Pink (Even)","CC",1968,23254789,63.4499648218525
"Pink (Even)","CC",1970,8732101,23.8252646055341
"Pink (Even)","CC",1972,13896503,37.9161740188986
"Pink (Even)","CC",1974,9834182,26.8322581620369
"Pink (Even)","CC",1976,9839907,26.8478786455685
"Pink (Even)","CC",1978,12378311,33.7738346068825
"Pink (Even)","CC",1980,7435127,20.2865115910536
"Pink (Even)","CC",1982,2287963,6.24263552181446
"Pink (Even)","CC",1984,5505604,15.0218684040974
"Pink (Even)","CC",1986,19962573,54.4672563833481
"Pink (Even)","CC",1988,19456548,53.0865829896236
"Pink (Even)","CC",1990,13786026,37.6147409780043
"Pink (Even)","CC",1992,14874098,40.5835114159405
"Pink (Even)","CC",1994,2570487,7.01349342387193
"Pink (Even)","CC",1996,7180471,19.5916906558186
"Pink (Even)","CC",1998,3484200,9.50653078091995
"Pink (Even)","CC",2000,7415982,20.2342750570427
"Pink (Even)","CC",2002,8495153,23.1787593947318
"Pink (Even)","CC",2004,3932124,10.7286774124316
"Pink (Even)","CC",2006,1313507,3.58386278814472
"Pink (Even)","CC",2008,1293085,3.52814199955395
"Pink (Even)","CC",2010,1232863,3.36382815514532
"Pink (Even)","CC",2012,4267375,11.6433992856978
"Pink (Even)","CC",2014,5945681,16.2226047414129
"Pink (Even)","CC",2016,8879778,24.2281966835244
"Pink (Even)","CC",2018,861729,2.35120063811244
"Pink (Even)","CC",2020,14746743,40.236027279667
"Pink (Even)","HG",1954,3537793,57.8470387712295
"Pink (Even)","HG",1956,1847570,30.2099228028775
"Pink (Even)","HG",1958,2626885,42.9526313276558
"Pink (Even)","HG",1960,1319353,21.5729592273878
"Pink (Even)","HG",1962,2542424,41.5715955401869
"Pink (Even)","HG",1964,1256462,20.5446180792875
"Pink (Even)","HG",1966,4627237,75.6607178946501
"Pink (Even)","HG",1968,5044197,82.4784998525125
"Pink (Even)","HG",1970,3529738,57.7153301333012
"Pink (Even)","HG",1972,3460193,56.5781883301078
"Pink (Even)","HG",1974,1609786,26.3218772707681
"Pink (Even)","HG",1976,2950607,48.2458633186456
"Pink (Even)","HG",1978,1822507,29.8001135424931
"Pink (Even)","HG",1980,1283948,20.994046213626
"Pink (Even)","HG",1982,996826,16.2992668791446
"Pink (Even)","HG",1984,3098167,50.6586412966343
"Pink (Even)","HG",1986,4055577,66.3134106372834
"Pink (Even)","HG",1988,2393001,39.128355340912
"Pink (Even)","HG",1990,5717102,93.4812808587371
"Pink (Even)","HG",1992,3232025,52.8473756052384
"Pink (Even)","HG",1994,2072287,33.8843076556811
"Pink (Even)","HG",1996,6115772,100
"Pink (Even)","HG",1998,3009894,49.2152748663619
"Pink (Even)","HG",2000,2192526,35.8503554416352
"Pink (Even)","HG",2002,2558244,41.8302709780548
"Pink (Even)","HG",2004,771156,12.6092993656402
"Pink (Even)","HG",2006,731948,11.9682028695641
"Pink (Even)","HG",2008,1468947,24.0189954759595
"Pink (Even)","HG",2010,4257421,69.6137952821001
"Pink (Even)","HG",2012,2400128,39.2448900972764
"Pink (Even)","Skeena",1954,1907014,20.3281539027157
"Pink (Even)","Skeena",1956,1428655,15.2290013150844
"Pink (Even)","Skeena",1958,1454695,15.5065793127429
"Pink (Even)","Skeena",1960,756560,8.06468548035757
"Pink (Even)","Skeena",1962,3142759,33.5007968641788
"Pink (Even)","Skeena",1964,4988121,53.1717603401801
"Pink (Even)","Skeena",1966,2953572,31.4841244892549
"Pink (Even)","Skeena",1968,5937837,63.2954264547821
"Pink (Even)","Skeena",1970,3730832,39.7694652903318
"Pink (Even)","Skeena",1972,4800177,51.1683379441768
"Pink (Even)","Skeena",1974,1480620,15.7829314475085
"Pink (Even)","Skeena",1976,2287675,24.3858773346159
"Pink (Even)","Skeena",1978,3988530,42.5164428187726
"Pink (Even)","Skeena",1980,2907352,30.9914342030884
"Pink (Even)","Skeena",1982,3650568,38.913876949162
"Pink (Even)","Skeena",1984,6440161,68.6500382096134
"Pink (Even)","Skeena",1986,8780250,93.5946318717743
"Pink (Even)","Skeena",1988,3849738,41.0369648828656
"Pink (Even)","Skeena",1990,9381147,100
"Pink (Even)","Skeena",1992,5047185,53.8013635219659
"Pink (Even)","Skeena",1994,1192376,12.7103434153627
"Pink (Even)","Skeena",1996,8755123,93.3267861595176
"Pink (Even)","Skeena",1998,1025211,10.9284184545877
"Pink (Even)","Skeena",2000,2244922,23.9301441497506
"Pink (Even)","Skeena",2002,3429339,36.5556471932483
"Pink (Even)","Skeena",2004,4141050,44.1422568050581
"Pink (Even)","Skeena",2006,713732,7.60815281969252
"Pink (Even)","Skeena",2008,365588,3.89705011551359
"Pink (Even)","Skeena",2010,1400271,14.9264370337657
"Pink (Even)","Skeena",2012,1500856,15.998640677947
"Pink (Even)","Skeena",2014,5393124,57.4889616376334
"Pink (Even)","Skeena",2016,1284296,13.6901809554844
"Pink (Even)","VIMI",1954,1332483,21.3771933159843
"Pink (Even)","VIMI",1956,1629401,26.1406863474117
"Pink (Even)","VIMI",1958,2155499,34.5809431080253
"Pink (Even)","VIMI",1960,585955,9.40055018297988
"Pink (Even)","VIMI",1962,1480696,23.7549932225812
"Pink (Even)","VIMI",1964,1513273,24.2776301542755
"Pink (Even)","VIMI",1966,4810186,77.1704224427938
"Pink (Even)","VIMI",1968,5239918,84.0646672759846
"Pink (Even)","VIMI",1970,3610817,57.9287938665202
"Pink (Even)","VIMI",1972,1519693,24.3806270263471
"Pink (Even)","VIMI",1974,2758002,44.2469749481767
"Pink (Even)","VIMI",1976,5644581,90.5567269711748
"Pink (Even)","VIMI",1978,2503718,40.1674645715627
"Pink (Even)","VIMI",1980,2689504,43.1480528698025
"Pink (Even)","VIMI",1982,779535,12.5061786090898
"Pink (Even)","VIMI",1984,623291,9.99953635364441
"Pink (Even)","VIMI",1986,2079548,33.3624516079143
"Pink (Even)","VIMI",1988,2716690,43.5842013065843
"Pink (Even)","VIMI",1990,4375361,70.1944699663848
"Pink (Even)","VIMI",1992,3606252,57.8555569940892
"Pink (Even)","VIMI",1994,1675751,26.8842852602652
"Pink (Even)","VIMI",1996,2681358,43.0173655614076
"Pink (Even)","VIMI",1998,2413051,38.7128824220116
"Pink (Even)","VIMI",2000,6175995,99.0822689922141
"Pink (Even)","VIMI",2002,1133469,18.1843865405228
"Pink (Even)","VIMI",2004,1719204,27.5814072356747
"Pink (Even)","VIMI",2006,707674,11.3533034963267
"Pink (Even)","VIMI",2008,635460,10.1947651599123
"Pink (Even)","VIMI",2010,1663932,26.6946715482692
"Pink (Even)","VIMI",2012,2981558,47.8335121339781
"Pink (Even)","VIMI",2014,6233199,100
"Pink (Even)","VIMI",2016,820176,13.1581873128068
"Pink (Even)","VIMI",2018,830647,13.3261748902931
"Pink (Odd)","CC",1955,3031186,23.9479261349384
"Pink (Odd)","CC",1957,3991134,31.532008338202
"Pink (Odd)","CC",1959,2780825,21.9699456563174
"Pink (Odd)","CC",1961,10012917,79.107186662669
"Pink (Odd)","CC",1963,8997266,71.083022151855
"Pink (Odd)","CC",1965,4307588,34.0321574603957
"Pink (Odd)","CC",1967,1170608,9.24840439252754
"Pink (Odd)","CC",1969,1316109,10.3979370178958
"Pink (Odd)","CC",1971,2646445,20.9082746423931
"Pink (Odd)","CC",1973,2010158,15.881280562643
"Pink (Odd)","CC",1975,1841655,14.5500203240712
"Pink (Odd)","CC",1977,3338456,26.3755169404787
"Pink (Odd)","CC",1979,5235927,41.366512330134
"Pink (Odd)","CC",1981,5986985,47.3002562531577
"Pink (Odd)","CC",1983,5334936,42.1487342784718
"Pink (Odd)","CC",1985,10823667,85.5125280418854
"Pink (Odd)","CC",1987,3704128,29.2645135397026
"Pink (Odd)","CC",1989,2793641,22.0711986382675
"Pink (Odd)","CC",1991,6506505,51.4047310645429
"Pink (Odd)","CC",1993,3426904,27.0743015649732
"Pink (Odd)","CC",1995,2984073,23.5757092389791
"Pink (Odd)","CC",1997,3771009,29.7929077879708
"Pink (Odd)","CC",1999,3655655,28.8815519452842
"Pink (Odd)","CC",2001,12077427,95.4178759390254
"Pink (Odd)","CC",2003,9285312,73.3587334844702
"Pink (Odd)","CC",2005,8085304,63.8780539928998
"Pink (Odd)","CC",2007,6205351,49.0254598000143
"Pink (Odd)","CC",2009,10612921,83.8475264084542
"Pink (Odd)","CC",2011,3828848,30.2498655925128
"Pink (Odd)","CC",2013,12657405,100
"Pink (Odd)","CC",2017,8751586,69.1420239772686
"Pink (Odd)","CC",2019,982822,7.76479855072979
"Pink (Odd)","CC",2021,2371318,18.7346300446261
"Pink (Odd)","Fraser",1959,6460055,24.8463653846154
"Pink (Odd)","Fraser",1961,1890685,7.27186538461538
"Pink (Odd)","Fraser",1963,5481312,21.0819692307692
"Pink (Odd)","Fraser",1965,2316788,8.91072307692308
"Pink (Odd)","Fraser",1967,12962791,49.8568884615385
"Pink (Odd)","Fraser",1969,3929548,15.1136461538462
"Pink (Odd)","Fraser",1971,9762376,37.5476
"Pink (Odd)","Fraser",1973,6803723,26.1681653846154
"Pink (Odd)","Fraser",1975,4893955,18.8229038461538
"Pink (Odd)","Fraser",1977,8209485,31.5749423076923
"Pink (Odd)","Fraser",1979,14404121,55.4004653846154
"Pink (Odd)","Fraser",1981,18684688,71.8641846153846
"Pink (Odd)","Fraser",1983,15345996,59.0230615384615
"Pink (Odd)","Fraser",1985,19037688,73.2218769230769
"Pink (Odd)","Fraser",1987,7171773,27.5837423076923
"Pink (Odd)","Fraser",1989,16484260,63.401
"Pink (Odd)","Fraser",1991,22180122,85.3081615384615
"Pink (Odd)","Fraser",1993,16983498,65.3211461538462
"Pink (Odd)","Fraser",1995,12903708,49.6296461538462
"Pink (Odd)","Fraser",1997,8175964,31.4460153846154
"Pink (Odd)","Fraser",1999,3585477,13.7902961538462
"Pink (Odd)","Fraser",2001,21173154,81.4352076923077
"Pink (Odd)","Fraser",2003,2.6e+07,100
"Pink (Odd)","Fraser",2005,1e+07,38.4615384615385
"Pink (Odd)","Fraser",2007,1.1e+07,42.3076923076923
"Pink (Odd)","Fraser",2009,19936153,76.6775115384615
"Pink (Odd)","Fraser",2011,20645118,79.4043
"Pink (Odd)","Fraser",2013,15897819,61.1454576923077
"Pink (Odd)","Fraser",2015,5778903,22.22655
"Pink (Odd)","Fraser",2017,3563091,13.7041961538462
"Pink (Odd)","Fraser",2019,8858628,34.0716461538462
"Pink (Odd)","HG",1955,77985,26.8935122440745
"Pink (Odd)","HG",1957,244237,84.2263351921014
"Pink (Odd)","HG",1959,289977,100
"Pink (Odd)","HG",1961,68545,23.6380816409577
"Pink (Odd)","HG",1963,119837,41.326381057808
"Pink (Odd)","HG",1965,49966,17.2310217706922
"Pink (Odd)","HG",1967,115287,39.7572910955007
"Pink (Odd)","HG",1969,268275,92.5159581621991
"Pink (Odd)","HG",1971,50408,17.3834476527449
"Pink (Odd)","HG",1973,67662,23.3335747317891
"Pink (Odd)","HG",1975,35529,12.2523510485314
"Pink (Odd)","HG",1977,15947,5.4994016766847
"Pink (Odd)","HG",1979,32639,11.2557202812637
"Pink (Odd)","HG",1981,12105,4.17446900961111
"Pink (Odd)","HG",1983,23484,8.09857333512658
"Pink (Odd)","HG",1985,42355,14.6063308469292
"Pink (Odd)","HG",1987,68356,23.572904057908
"Pink (Odd)","HG",1989,46503,16.0367891246547
"Pink (Odd)","HG",1991,23472,8.09443507588533
"Pink (Odd)","HG",1993,26606,9.17521044772516
"Pink (Odd)","HG",1995,6868,2.36846370574218
"Pink (Odd)","HG",1997,6415,2.21224441938499
"Pink (Odd)","HG",1999,6396,2.20569217558634
"Pink (Odd)","HG",2001,13846,4.77486145452915
"Pink (Odd)","HG",2003,11920,4.1106708463085
"Pink (Odd)","HG",2005,222186,76.6219389813675
"Pink (Odd)","HG",2007,75283,25.9617142049197
"Pink (Odd)","HG",2009,64287,22.1696893201875
"Pink (Odd)","HG",2011,144435,49.8091227924973
"Pink (Odd)","HG",2013,77908,26.8669584139432
"Pink (Odd)","Nass",1955,109804,3.31792478314918
"Pink (Odd)","Nass",1957,94541,2.85672586539385
"Pink (Odd)","Nass",1959,500526,15.1242907363168
"Pink (Odd)","Nass",1961,666072,20.1265600175016
"Pink (Odd)","Nass",1963,415679,12.5604864662004
"Pink (Odd)","Nass",1965,743798,22.475190501774
"Pink (Odd)","Nass",1967,202081,6.10623982827192
"Pink (Odd)","Nass",1969,131699,3.97952147477291
"Pink (Odd)","Nass",1971,367647,11.1091134453248
"Pink (Odd)","Nass",1973,180029,5.43989910008346
"Pink (Odd)","Nass",1975,358306,10.8268583781197
"Pink (Odd)","Nass",1977,724195,21.8828507006368
"Pink (Odd)","Nass",1979,137594,4.1576494719011
"Pink (Odd)","Nass",1981,588130,17.7714027058534
"Pink (Odd)","Nass",1983,3110666,93.9943518769766
"Pink (Odd)","Nass",1985,1656933,50.0672021485349
"Pink (Odd)","Nass",1987,1245983,37.6496108983513
"Pink (Odd)","Nass",1989,2448618,73.9893842361406
"Pink (Odd)","Nass",1991,3309418,100
"Pink (Odd)","Nass",1993,1885997,56.9887817132801
"Pink (Odd)","Nass",1995,1601791,48.4009877265429
"Pink (Odd)","Nass",1997,708645,21.4129795631739
"Pink (Odd)","Nass",1999,2195047,66.3272817153953
"Pink (Odd)","Nass",2001,2085783,63.0256740006853
"Pink (Odd)","Nass",2003,2181863,65.928903511131
"Pink (Odd)","Nass",2005,2562613,77.4339476004542
"Pink (Odd)","Nass",2007,1787897,54.0245142801544
"Pink (Odd)","Nass",2009,1498016,45.2652399908383
"Pink (Odd)","Nass",2011,240409,7.26438908593596
"Pink (Odd)","Nass",2013,1784313,53.9162172925874
"Pink (Odd)","Nass",2015,984862,29.7593715873909
"Pink (Odd)","Nass",2017,1713019,51.7619412235021
"Pink (Odd)","Skeena",1955,1589746,5.0066756893609
"Pink (Odd)","Skeena",1957,2676025,8.42775469265028
"Pink (Odd)","Skeena",1959,2745645,8.64701283923049
"Pink (Odd)","Skeena",1961,2837211,8.93538674686858
"Pink (Odd)","Skeena",1963,3393631,10.687751267411
"Pink (Odd)","Skeena",1965,4546147,14.317434146814
"Pink (Odd)","Skeena",1967,2370055,7.46414631705207
"Pink (Odd)","Skeena",1969,3056822,9.627019910164
"Pink (Odd)","Skeena",1971,3131388,9.86185477023151
"Pink (Odd)","Skeena",1973,3658068,11.5205574510828
"Pink (Odd)","Skeena",1975,5531755,17.4214643584577
"Pink (Odd)","Skeena",1977,3797605,11.9600091028978
"Pink (Odd)","Skeena",1979,1679921,5.29066884316542
"Pink (Odd)","Skeena",1981,5553326,17.4893991111132
"Pink (Odd)","Skeena",1983,13145414,41.3995850282903
"Pink (Odd)","Skeena",1985,7642050,24.0675340286313
"Pink (Odd)","Skeena",1987,10052017,31.6573774319561
"Pink (Odd)","Skeena",1989,13713644,43.1891434401156
"Pink (Odd)","Skeena",1991,31752526,100
"Pink (Odd)","Skeena",1993,3807767,11.9920128559221
"Pink (Odd)","Skeena",1995,10690595,33.6684867213399
"Pink (Odd)","Skeena",1997,1686297,5.31074913536013
"Pink (Odd)","Skeena",1999,4699319,14.7998272641364
"Pink (Odd)","Skeena",2001,4520949,14.2380766808915
"Pink (Odd)","Skeena",2003,6044189,19.0353013174448
"Pink (Odd)","Skeena",2005,5410102,17.0383357846869
"Pink (Odd)","Skeena",2007,3280382,10.3310898792745
"Pink (Odd)","Skeena",2009,8804810,27.7294789082292
"Pink (Odd)","Skeena",2011,1030752,3.24620472714517
"Pink (Odd)","Skeena",2013,3736473,11.767482687834
"Pink (Odd)","Skeena",2015,984052,3.09912981411306
"Pink (Odd)","Skeena",2017,1301329,4.09834795505718
"Pink (Odd)","VIMI",1959,2456846,43.8612925092464
"Pink (Odd)","VIMI",1961,2921075,52.1490256273477
"Pink (Odd)","VIMI",1963,3815593,68.1185718067933
"Pink (Odd)","VIMI",1965,1041129,18.5869458683447
"Pink (Odd)","VIMI",1967,1089370,19.4481771428888
"Pink (Odd)","VIMI",1969,329552,5.88338734662537
"Pink (Odd)","VIMI",1971,1276970,22.7973404501268
"Pink (Odd)","VIMI",1973,2081124,37.1536467943098
"Pink (Odd)","VIMI",1975,2245799,40.0935373466521
"Pink (Odd)","VIMI",1977,677302,12.0916578161991
"Pink (Odd)","VIMI",1979,682499,12.1844382090974
"Pink (Odd)","VIMI",1981,1729839,30.882267090775
"Pink (Odd)","VIMI",1983,2613668,46.660985942976
"Pink (Odd)","VIMI",1985,1779341,31.7660105984237
"Pink (Odd)","VIMI",1987,979321,17.4835072452436
"Pink (Odd)","VIMI",1989,1875802,33.4880982411715
"Pink (Odd)","VIMI",1991,1548274,27.640844724684
"Pink (Odd)","VIMI",1993,1936252,34.5672929209292
"Pink (Odd)","VIMI",1995,865271,15.4474087634179
"Pink (Odd)","VIMI",1997,953205,17.0172665792956
"Pink (Odd)","VIMI",1999,1459500,26.0559906551917
"Pink (Odd)","VIMI",2001,2939792,52.4831742927079
"Pink (Odd)","VIMI",2003,1201761,21.4546580238258
"Pink (Odd)","VIMI",2005,1262041,22.5308177474949
"Pink (Odd)","VIMI",2007,1245618,22.2376231366485
"Pink (Odd)","VIMI",2009,4404788,78.6372832929773
"Pink (Odd)","VIMI",2011,2020257,36.0670075457935
"Pink (Odd)","VIMI",2013,5601399,100
"Pink (Odd)","VIMI",2015,4772243,85.1973408785912
"Pink (Odd)","VIMI",2017,991249,17.6964540465694
"Pink (Odd)","VIMI",2019,1861647,33.2353935150844
"Sockeye","CC",1954,1168445,25.7171935179497
"Sockeye","CC",1955,1326008,29.1851172646975
"Sockeye","CC",1956,1908247,42.0000576655701
"Sockeye","CC",1957,971411,21.3805225513097
"Sockeye","CC",1958,1807095,39.7737264657895
"Sockeye","CC",1959,1622876,35.7191105680081
"Sockeye","CC",1960,1211210,26.6584408858576
"Sockeye","CC",1961,1609880,35.4330717326677
"Sockeye","CC",1962,2795996,61.5391997119363
"Sockeye","CC",1963,3594174,79.1069055840741
"Sockeye","CC",1964,2868876,63.143270989222
"Sockeye","CC",1965,1262875,27.795575113917
"Sockeye","CC",1966,1537621,33.8426685160734
"Sockeye","CC",1967,1994138,43.8904979245897
"Sockeye","CC",1968,4185620,92.1244898412854
"Sockeye","CC",1969,1377925,30.327797952168
"Sockeye","CC",1970,747077,16.4429851484745
"Sockeye","CC",1971,1782401,39.2302174630275
"Sockeye","CC",1972,1307469,28.777078332074
"Sockeye","CC",1973,4543439,100
"Sockeye","CC",1974,2269186,49.9442382741355
"Sockeye","CC",1975,1434785,31.579272881181
"Sockeye","CC",1976,1912186,42.0867541085068
"Sockeye","CC",1977,1462517,32.1896475335093
"Sockeye","CC",1978,1679062,36.9557509190725
"Sockeye","CC",1979,1067749,23.5008987685319
"Sockeye","CC",1980,1166892,25.6830123613413
"Sockeye","CC",1981,2492789,54.8656865427268
"Sockeye","CC",1982,2396771,52.7523534485662
"Sockeye","CC",1983,1575059,34.6666698947647
"Sockeye","CC",1984,902921,19.8730741185256
"Sockeye","CC",1985,2291261,50.43010371659
"Sockeye","CC",1986,2181564,48.0156991213044
"Sockeye","CC",1987,1861946,40.9809837878312
"Sockeye","CC",1988,1919774,42.2537641641056
"Sockeye","CC",1989,886430,19.5101111734966
"Sockeye","CC",1990,1222681,26.9109148378574
"Sockeye","CC",1991,1796867,39.5486106449322
"Sockeye","CC",1992,2469888,54.3616410388695
"Sockeye","CC",1993,1194939,26.3003200879334
"Sockeye","CC",1994,639603,14.0775082487076
"Sockeye","CC",1995,553957,12.192460380782
"Sockeye","CC",1996,441211,9.71094802857483
"Sockeye","CC",1997,653360,14.3802965110789
"Sockeye","CC",1998,348190,7.66357818383828
"Sockeye","CC",1999,188263,4.14362336547272
"Sockeye","CC",2000,181021,3.98422868668425
"Sockeye","CC",2001,243894,5.36804829997718
"Sockeye","CC",2002,480176,10.5685583101259
"Sockeye","CC",2003,555251,12.2209410096625
"Sockeye","CC",2004,400647,8.81814414147521
"Sockeye","CC",2005,442596,9.74143154557594
"Sockeye","CC",2006,305026,6.71354892186293
"Sockeye","CC",2007,267956,5.89764713469247
"Sockeye","CC",2008,207581,4.56880790079937
"Sockeye","CC",2009,242326,5.3335369969752
"Sockeye","CC",2010,293692,6.4640903069239
"Sockeye","CC",2011,1027107,22.6063781201861
"Sockeye","CC",2012,396733,8.73199794252768
"Sockeye","CC",2013,562765,12.3863223430534
"Sockeye","CC",2014,439980,9.68385401454713
"Sockeye","Columbia",1994,4683,1.61005294643471
"Sockeye","Columbia",1995,6167,2.12026404455752
"Sockeye","Columbia",1996,19242,6.61555387471636
"Sockeye","Columbia",1997,15915,5.47170460015128
"Sockeye","Columbia",1998,6686,2.29870040569346
"Sockeye","Columbia",1999,9439,3.24520387815444
"Sockeye","Columbia",2000,36310,12.4836691191639
"Sockeye","Columbia",2001,54766,18.8289898920443
"Sockeye","Columbia",2002,11408,3.92216186481469
"Sockeye","Columbia",2003,22789,7.83504091315409
"Sockeye","Columbia",2004,51425,17.6803273052328
"Sockeye","Columbia",2005,38103,13.100116894726
"Sockeye","Columbia",2006,26529,9.1208828989892
"Sockeye","Columbia",2007,20447,7.02984253592794
"Sockeye","Columbia",2008,145816,50.1327098947947
"Sockeye","Columbia",2009,101255,34.8122808223888
"Sockeye","Columbia",2010,289961,99.6909165921749
"Sockeye","Columbia",2011,112656,38.7320360310802
"Sockeye","Columbia",2012,267845,92.0872584748676
"Sockeye","Columbia",2013,70266,24.1580141648903
"Sockeye","Columbia",2014,290860,100
"Sockeye","HG",1957,94125,44.8214285714286
"Sockeye","HG",1961,78500,37.3809523809524
"Sockeye","HG",1962,175000,83.3333333333333
"Sockeye","HG",1963,123125,58.6309523809524
"Sockeye","HG",1964,101250,48.2142857142857
"Sockeye","HG",1965,92250,43.9285714285714
"Sockeye","HG",1966,92875,44.2261904761905
"Sockeye","HG",1967,105250,50.1190476190476
"Sockeye","HG",1968,171000,81.4285714285714
"Sockeye","HG",1969,210000,100
"Sockeye","HG",1970,129375,61.6071428571429
"Sockeye","HG",1972,61250,29.1666666666667
"Sockeye","HG",1973,132500,63.0952380952381
"Sockeye","HG",1974,116250,55.3571428571429
"Sockeye","HG",1975,77500,36.9047619047619
"Sockeye","HG",1976,127000,60.4761904761905
"Sockeye","HG",1977,110000,52.3809523809524
"Sockeye","HG",1978,67500,32.1428571428571
"Sockeye","HG",1979,61250,29.1666666666667
"Sockeye","HG",1980,100850,48.0238095238095
"Sockeye","HG",1981,70000,33.3333333333333
"Sockeye","HG",1982,82125,39.1071428571429
"Sockeye","HG",1983,75000,35.7142857142857
"Sockeye","HG",1984,73750,35.1190476190476
"Sockeye","HG",1985,143000,68.0952380952381
"Sockeye","HG",1986,45625,21.7261904761905
"Sockeye","HG",1987,59250,28.2142857142857
"Sockeye","HG",1988,98625,46.9642857142857
"Sockeye","HG",1991,18375,8.75
"Sockeye","HG",1992,44050,20.9761904761905
"Sockeye","HG",1994,30500,14.5238095238095
"Sockeye","HG",1995,25000,11.9047619047619
"Sockeye","HG",1996,87750,41.7857142857143
"Sockeye","HG",1998,75000,35.7142857142857
"Sockeye","HG",1999,71250,33.9285714285714
"Sockeye","HG",2000,70625,33.6309523809524
"Sockeye","HG",2001,32185,15.3261904761905
"Sockeye","HG",2002,42125,20.0595238095238
"Sockeye","HG",2003,40000,19.047619047619
"Sockeye","HG",2004,42140,20.0666666666667
"Sockeye","HG",2006,88061,41.9338095238095
"Sockeye","HG",2008,36765,17.5071428571429
"Sockeye","HG",2010,80781,38.4671428571429
"Sockeye","HG",2012,72402,34.4771428571429
"Sockeye","HG",2013,51250,24.4047619047619
"Sockeye","HG",2014,83375,39.7023809523809
"Sockeye","HG",2015,74375,35.4166666666667
"Sockeye","HG",2016,68375,32.5595238095238
"Sockeye","HG",2017,52500,25
"Sockeye","HG",2018,37000,17.6190476190476
"Sockeye","HG",2019,29750,14.1666666666667
"Sockeye","HG",2020,29125,13.8690476190476
"Sockeye","HG",2021,32375,15.4166666666667
"Sockeye","Nass",1982,787924,41.349986880084
"Sockeye","Nass",1983,531423,27.8889005510365
"Sockeye","Nass",1984,452452,23.7445289950144
"Sockeye","Nass",1985,747352,39.2207819469955
"Sockeye","Nass",1986,509047,26.7146155864602
"Sockeye","Nass",1987,440574,23.1211755444765
"Sockeye","Nass",1988,355227,18.6421936499606
"Sockeye","Nass",1989,348357,18.2816583573865
"Sockeye","Nass",1990,415810,21.8215691419575
"Sockeye","Nass",1991,860633,45.165730779323
"Sockeye","Nass",1992,1905500,100
"Sockeye","Nass",1993,1819611,95.4925741275256
"Sockeye","Nass",1994,489850,25.7071634741538
"Sockeye","Nass",1995,953016,50.0139595906586
"Sockeye","Nass",1996,924857,48.5361847284177
"Sockeye","Nass",1997,690902,36.2583049068486
"Sockeye","Nass",1998,501443,26.3155602204146
"Sockeye","Nass",1999,843148,44.2481238520073
"Sockeye","Nass",2000,440246,23.1039622146418
"Sockeye","Nass",2001,449165,23.5720283390186
"Sockeye","Nass",2002,1166635,61.224612962477
"Sockeye","Nass",2003,892690,46.8480713723432
"Sockeye","Nass",2004,689719,36.1962214641826
"Sockeye","Nass",2005,453140,23.780635003936
"Sockeye","Nass",2006,448693,23.5472579375492
"Sockeye","Nass",2007,482103,25.3006035161375
"Sockeye","Nass",2008,292774,15.3646811860404
"Sockeye","Nass",2009,475813,24.9705064287589
"Sockeye","Nass",2010,314599,16.5100498556809
"Sockeye","Nass",2011,430096,22.5712936237208
"Sockeye","Nass",2012,390627,20.4999737601679
"Sockeye","Nass",2013,478409,25.1067436368407
"Sockeye","Nass",2014,360649,18.9267383888743
"Sockeye","Nass",2015,569773,29.9014956704277
"Sockeye","Nass",2016,256614,13.4670165310942
"Sockeye","Nass",2017,220747,11.5847284177381
"Sockeye","Skeena",1960,573630,10.6056908314382
"Sockeye","Skeena",1961,1974866,36.5127664688372
"Sockeye","Skeena",1962,1346981,24.9039695305711
"Sockeye","Skeena",1963,874248,16.1637362027844
"Sockeye","Skeena",1964,1793040,33.1510344445061
"Sockeye","Skeena",1965,1243550,22.9916615822656
"Sockeye","Skeena",1966,1298608,24.0096141401816
"Sockeye","Skeena",1967,2408678,44.5333998927654
"Sockeye","Skeena",1968,1651757,30.5388910459075
"Sockeye","Skeena",1969,1344926,24.8659751881228
"Sockeye","Skeena",1970,1455389,26.9082958936528
"Sockeye","Skeena",1971,2029093,37.5153548911938
"Sockeye","Skeena",1972,1657838,30.6513210198384
"Sockeye","Skeena",1973,2200287,40.6805147262743
"Sockeye","Skeena",1974,2333099,43.1360400835691
"Sockeye","Skeena",1975,1297242,23.9843585334738
"Sockeye","Skeena",1976,1393825,25.7700556510807
"Sockeye","Skeena",1977,2301119,42.5447704624032
"Sockeye","Skeena",1978,1053256,19.473366982824
"Sockeye","Skeena",1979,2603630,48.1378150017564
"Sockeye","Skeena",1980,1321132,24.426054319892
"Sockeye","Skeena",1981,2601270,48.094181596317
"Sockeye","Skeena",1982,2988219,55.2483776138444
"Sockeye","Skeena",1983,1552361,28.7011851276647
"Sockeye","Skeena",1984,1721732,31.8326400059164
"Sockeye","Skeena",1985,3861082,71.3865069240298
"Sockeye","Skeena",1986,1316389,24.3383622681975
"Sockeye","Skeena",1987,1325017,24.4978830402869
"Sockeye","Skeena",1988,3087465,57.0833102224194
"Sockeye","Skeena",1989,2143711,39.6344962745207
"Sockeye","Skeena",1990,2261987,41.8212694362786
"Sockeye","Skeena",1991,2558606,47.3053783718823
"Sockeye","Skeena",1992,3640605,67.310166953242
"Sockeye","Skeena",1993,3477407,64.2928430121841
"Sockeye","Skeena",1994,2267935,41.9312404089707
"Sockeye","Skeena",1995,3963174,73.2740584613678
"Sockeye","Skeena",1996,5408700,100
"Sockeye","Skeena",1997,3208916,59.3287851054782
"Sockeye","Skeena",1998,878031,16.2336790726052
"Sockeye","Skeena",1999,743456,13.7455580823488
"Sockeye","Skeena",2000,4260341,78.7682992216244
"Sockeye","Skeena",2001,4767499,88.1450071181615
"Sockeye","Skeena",2002,1159934,21.4457078410709
"Sockeye","Skeena",2003,1766013,32.6513395085695
"Sockeye","Skeena",2004,1523658,28.1705030783737
"Sockeye","Skeena",2005,938532,17.3522657939986
"Sockeye","Skeena",2006,2402666,44.4222456412816
"Sockeye","Skeena",2007,1884901,34.8494277737719
"Sockeye","Skeena",2008,1771988,32.7618096770019
"Sockeye","Skeena",2009,807613,14.9317396047109
"Sockeye","Skeena",2010,906171,16.7539519662766
"Sockeye","Skeena",2011,1789173,33.0795385212713
"Sockeye","Skeena",2012,1727129,31.9324236877623
"Sockeye","Skeena",2013,434347,8.03052489507645
"Sockeye","Skeena",2014,3102644,57.3639506720654
"Sockeye","Skeena",2015,2252733,41.6501747185091
"Sockeye","Skeena",2016,1701476,31.4581322683824
"Sockeye","Skeena",2017,870488,16.0942185737793
"Sockeye","Skeena",2018,1573503,29.0920738809696
"Sockeye","Skeena",2019,648436,11.98875885148
"Sockeye","VIMI",1977,1444043,66.857402130206
"Sockeye","VIMI",1978,375607,17.3901388268357
"Sockeye","VIMI",1979,1064770,49.2975320445302
"Sockeye","VIMI",1980,1071258,49.597918407693
"Sockeye","VIMI",1981,1350263,62.5155042976825
"Sockeye","VIMI",1982,939121,43.4801389888814
"Sockeye","VIMI",1983,1561088,72.2764406438306
"Sockeye","VIMI",1984,1214049,56.208964829146
"Sockeye","VIMI",1985,765867,35.458693402658
"Sockeye","VIMI",1986,428739,19.8500846109862
"Sockeye","VIMI",1987,825287,38.2097657977161
"Sockeye","VIMI",1988,952027,44.0776708019177
"Sockeye","VIMI",1989,460167,21.3051620803885
"Sockeye","VIMI",1990,354141,16.3962896172713
"Sockeye","VIMI",1991,1854050,85.8402183449582
"Sockeye","VIMI",1992,1224348,56.6857957715341
"Sockeye","VIMI",1993,1289290,59.6925299263618
"Sockeye","VIMI",1994,457173,21.1665435891263
"Sockeye","VIMI",1995,212260,9.82737506858004
"Sockeye","VIMI",1996,526182,24.3615748060661
"Sockeye","VIMI",1997,535122,24.7754857318792
"Sockeye","VIMI",1998,778546,36.0457153968846
"Sockeye","VIMI",1999,516857,23.9298388571614
"Sockeye","VIMI",2000,308864,14.3000206029488
"Sockeye","VIMI",2001,1051102,48.664720575401
"Sockeye","VIMI",2002,1220690,56.5164349027842
"Sockeye","VIMI",2003,1011624,46.8369380777217
"Sockeye","VIMI",2004,732734,33.924676545279
"Sockeye","VIMI",2005,485774,22.4907344603995
"Sockeye","VIMI",2006,334344,15.4797130402776
"Sockeye","VIMI",2007,185800,8.60230984520009
"Sockeye","VIMI",2008,228077,10.5596825756927
"Sockeye","VIMI",2009,565078,26.1624114246823
"Sockeye","VIMI",2010,1881969,87.1328334610407
"Sockeye","VIMI",2011,1627388,75.3460485164719
"Sockeye","VIMI",2012,833218,38.5769612734011
"Sockeye","VIMI",2013,814172,37.6951550661262
"Sockeye","VIMI",2014,1304676,60.4048826673642
"Sockeye","VIMI",2015,2159885,100
"Sockeye","VIMI",2016,1171714,54.2489067704994
"Sockeye","VIMI",2017,559724,25.9145278568072
"Sockeye","VIMI",2018,277965,12.8694351782618
"Sockeye","VIMI",2019,232819,10.7792313016665
"Sockeye","VIMI",2020,342757,15.869224518898
"Sockeye","Fraser",1954,12001679,42.5
"Sockeye","Fraser",1955,2679569,9.5
"Sockeye","Fraser",1956,2838504,10.1
"Sockeye","Fraser",1957,4856804,17.2
"Sockeye","Fraser",1958,17653721,62.6
"Sockeye","Fraser",1959,4617322,16.4
"Sockeye","Fraser",1960,3412082,12.1
"Sockeye","Fraser",1961,4615081,16.4
"Sockeye","Fraser",1962,3449790,12.2
"Sockeye","Fraser",1963,3936455,14
"Sockeye","Fraser",1964,1674032,5.9
"Sockeye","Fraser",1965,3095841,11
"Sockeye","Fraser",1966,5307168,18.8
"Sockeye","Fraser",1967,6491766,23
"Sockeye","Fraser",1968,2894618,10.3
"Sockeye","Fraser",1969,4763179,16.9
"Sockeye","Fraser",1970,5986703,21.2
"Sockeye","Fraser",1971,7611882,27
"Sockeye","Fraser",1972,3658391,13
"Sockeye","Fraser",1973,6686591,23.7
"Sockeye","Fraser",1974,8501963,30.1
"Sockeye","Fraser",1975,3635378,12.9
"Sockeye","Fraser",1976,4307980,15.3
"Sockeye","Fraser",1977,6155433,21.8
"Sockeye","Fraser",1978,9357580,33.2
"Sockeye","Fraser",1979,6612257,23.4
"Sockeye","Fraser",1980,3246521,11.5
"Sockeye","Fraser",1981,8154973,28.9
"Sockeye","Fraser",1982,14047628,49.8
"Sockeye","Fraser",1983,5261395,18.6
"Sockeye","Fraser",1984,6046930,21.4
"Sockeye","Fraser",1985,13650117,48.4
"Sockeye","Fraser",1986,16878357,59.8
"Sockeye","Fraser",1987,7458085,26.4
"Sockeye","Fraser",1988,3757001,13.3
"Sockeye","Fraser",1989,18671875,66.2
"Sockeye","Fraser",1990,21205342,75.2
"Sockeye","Fraser",1991,11545117,40.9
"Sockeye","Fraser",1992,6372752,22.6
"Sockeye","Fraser",1993,22748383,80.6
"Sockeye","Fraser",1994,16804691,59.6
"Sockeye","Fraser",1995,3803702,13.5
"Sockeye","Fraser",1996,4328853,15.3
"Sockeye","Fraser",1997,16557244,58.7
"Sockeye","Fraser",1998,10869581,38.5
"Sockeye","Fraser",1999,3644642,12.9
"Sockeye","Fraser",2000,4557566,16.2
"Sockeye","Fraser",2001,6348853,22.5
"Sockeye","Fraser",2002,15391037,54.6
"Sockeye","Fraser",2003,4861713,17.2
"Sockeye","Fraser",2004,4257331,15.1
"Sockeye","Fraser",2005,6955043,24.7
"Sockeye","Fraser",2006,13052421,46.3
"Sockeye","Fraser",2007,1571054,5.6
"Sockeye","Fraser",2008,1719263,6.1
"Sockeye","Fraser",2009,1642221,5.8
"Sockeye","Fraser",2010,28212369,100
"Sockeye","Fraser",2011,5127365,18.2
"Sockeye","Fraser",2012,2063508,7.3
"Sockeye","Fraser",2013,4266304,15.1
"Sockeye","Fraser",2014,18891161,67
"Sockeye","Fraser",2015,2010041,7.1
"Sockeye","Fraser",2016,834527,3
"Sockeye","Fraser",2017,1289405,4.6
"Sockeye","Fraser",2018,11031652,39.1
"Sockeye","Fraser",2019,590335,2.1
"Sockeye","Fraser",2020,397568,1.4
"Sockeye","Fraser",2021,2649261,9.4
"Sockeye","Fraser",2022,6720083,23.8
"Steelhead","Skeena",1956,20461,31.5721107
"Steelhead","Skeena",1957,7385,11.39533931
"Steelhead","Skeena",1958,21492,33.1629834
"Steelhead","Skeena",1959,10682,16.48273723
"Steelhead","Skeena",1960,14343,22.13180117
"Steelhead","Skeena",1961,13365,20.62270952
"Steelhead","Skeena",1962,24414,37.67174189
"Steelhead","Skeena",1963,19752.54154,30.47893202
"Steelhead","Skeena",1964,15181.77868,23.42606898
"Steelhead","Skeena",1965,19666.39828,30.34600966
"Steelhead","Skeena",1966,35980.34409,55.51905609
"Steelhead","Skeena",1967,26118.65037,40.30208303
"Steelhead","Skeena",1968,17369.31863,26.80152732
"Steelhead","Skeena",1969,22992.19035,35.47783486
"Steelhead","Skeena",1970,26939.45204,41.5686116
"Steelhead","Skeena",1971,18345.19163,28.30733694
"Steelhead","Skeena",1972,15303.2477,23.61350035
"Steelhead","Skeena",1973,14886.78112,22.97087638
"Steelhead","Skeena",1974,12112.7122,18.69038123
"Steelhead","Skeena",1975,12272.80944,18.93741744
"Steelhead","Skeena",1976,25102.3583,38.73390524
"Steelhead","Skeena",1977,16215.97916,25.02188012
"Steelhead","Skeena",1978,19499.84053,30.08900465
"Steelhead","Skeena",1979,11049.44427,17.04971789
"Steelhead","Skeena",1980,21756.93439,33.57178736
"Steelhead","Skeena",1981,22153.40326,34.18355409
"Steelhead","Skeena",1982,32380.80383,49.9648269
"Steelhead","Skeena",1983,9982.893145,15.40398844
"Steelhead","Skeena",1984,47042.92119,72.58903844
"Steelhead","Skeena",1985,31229.71735,48.18865615
"Steelhead","Skeena",1986,36406.67954,56.17690812
"Steelhead","Skeena",1987,21720.83837,33.51608982
"Steelhead","Skeena",1988,40671.40132,62.757538
"Steelhead","Skeena",1989,18642.28814,28.76576828
"Steelhead","Skeena",1990,23105.10955,35.65207353
"Steelhead","Skeena",1991,9600.038513,14.81322901
"Steelhead","Skeena",1992,12647.0276,19.51485047
"Steelhead","Skeena",1993,13756.75145,21.2271971
"Steelhead","Skeena",1994,21498.75496,33.17340655
"Steelhead","Skeena",1995,19247.58243,29.69976067
"Steelhead","Skeena",1996,23032.33983,35.53978705
"Steelhead","Skeena",1997,12304.92902,18.98697919
"Steelhead","Skeena",1998,64807.19706,100
"Steelhead","Skeena",1999,47303.45952,72.99105913
"Steelhead","Skeena",2000,55121.90108,85.05521545
"Steelhead","Skeena",2001,32100.1715,49.53180042
"Steelhead","Skeena",2002,51681.17753,79.74604654
"Steelhead","Skeena",2003,28521.22591,44.00934958
"Steelhead","Skeena",2004,25369.95409,39.14681584
"Steelhead","Skeena",2005,17520.8468,27.03534112
"Steelhead","Skeena",2006,29234.9623,45.11067231
"Steelhead","Skeena",2007,17238.89541,26.60027928
"Steelhead","Skeena",2008,46105.25277,71.14217998
"Steelhead","Skeena",2009,39059.59718,60.27046216
"Steelhead","Skeena",2010,56486.95443,87.16154531
"Steelhead","Skeena",2011,35905.23472,55.40315944
"Steelhead","Skeena",2012,41757.03549,64.43271331
"Steelhead","Skeena",2013,25517.48657,39.37446414
"Steelhead","Skeena",2014,31170.10934,48.09667869
"Steelhead","Skeena",2015,27905.29249,43.0589406
"Steelhead","Skeena",2016,45959.72295,70.91762186
"Steelhead","Skeena",2017,22414.82738,34.58694158
"Steelhead","Skeena",2018,43419.38753,66.99778651
"Steelhead","Skeena",2019,16276.41519,25.11513525
"Steelhead","Skeena",2020,15422.73332,23.79787125
"Steelhead","Skeena",2021,4654.768653,7.18248723
"Chinook","Transboundary",2002,120954,78.50876319
"Chinook","Transboundary",2003,98319,63.81684846
"Chinook","Transboundary",2004,147263,95.58539605
"Chinook","Transboundary",2005,154064,100
"Chinook","Transboundary",2006,124666,80.91846438
"Chinook","Transboundary",2007,55280,35.88108941
"Chinook","Transboundary",2008,64271,41.71694382
"Chinook","Transboundary",2009,53092,34.46089695
"Chinook","Transboundary",2010,57658,37.42488608
"Chinook","Transboundary",2011,45492,29.52809388
"Chinook","Transboundary",2012,51671,33.53846409
"Chinook","Transboundary",2013,42335,27.47846306
"Chinook","Transboundary",2014,57479,37.30827246
"Chinook","Transboundary",2015,55541,36.0505446
"Chinook","Transboundary",2016,27773,18.02669054
"Chinook","Transboundary",2017,17231,11.1841852
"Chinook","Transboundary",2018,17222,11.17871022
"Chinook","Transboundary",2019,27653,17.94917746
"Chinook","Transboundary",2020,27629,17.93330098
"Chinook","Transboundary",2021,21787,14.14174196
"Coho","Transboundary",1992,217631,63.13763262
"Coho","Transboundary",1993,250108,72.55964003
"Coho","Transboundary",1994,344693,100
"Coho","Transboundary",1995,188432,54.66661638
"Coho","Transboundary",1996,100993,29.29940556
"Coho","Transboundary",1997,52245,15.15696576
"Coho","Transboundary",1998,122979,35.67783506
"Coho","Transboundary",1999,123579,35.851903
"Coho","Transboundary",2000,114245,33.1439861
"Coho","Transboundary",2001,170928,49.58847438
"Coho","Transboundary",2002,325842,94.53107548
"Coho","Transboundary",2003,268779,77.97634417
"Coho","Transboundary",2004,255287,74.06213645
"Coho","Transboundary",2005,226859,65.81479752
"Coho","Transboundary",2006,229327,66.53079697
"Coho","Transboundary",2007,135157,39.21083399
"Coho","Transboundary",2008,179466,52.06546115
"Coho","Transboundary",2009,226706,65.77041019
"Coho","Transboundary",2010,250934,72.79927356
"Coho","Transboundary",2011,134591,39.04648484
"Coho","Transboundary",2012,114219,33.13644315
"Coho","Transboundary",2013,151946,44.08144572
"Coho","Transboundary",2014,191191,55.46712918
"Coho","Transboundary",2015,108873,31.58560136
"Coho","Transboundary",2016,126705,36.75879696
"Coho","Transboundary",2017,110884,32.16880964
"Coho","Transboundary",2018,86323,25.04349462
"Coho","Transboundary",2019,119665,34.71646738
"Coho","Transboundary",2020,77931,22.60881422
"Coho","Transboundary",2021,119279,34.60446612
"Sockeye","Transboundary",1984,229852,34.93254545
"Sockeye","Transboundary",1985,373260,56.72736123
"Sockeye","Transboundary",1986,75456,11.46766574
"Sockeye","Transboundary",1987,154667,23.50596938
"Sockeye","Transboundary",1988,126461,19.21936514
"Sockeye","Transboundary",1989,234913,35.70164028
"Sockeye","Transboundary",1990,252471,38.37010793
"Sockeye","Transboundary",1991,361603,54.95573737
"Sockeye","Transboundary",1992,452754,68.80868392
"Sockeye","Transboundary",1993,515752,78.3829838
"Sockeye","Transboundary",1994,396227,60.21779503
"Sockeye","Transboundary",1995,414954,63.06394176
"Sockeye","Transboundary",1996,657989,100
"Sockeye","Transboundary",1997,379297,57.64486684
"Sockeye","Transboundary",1998,236035,35.87216433
"Sockeye","Transboundary",1999,271290,41.23017972
"Sockeye","Transboundary",2000,292956,44.52288231
"Sockeye","Transboundary",2001,464190,70.54678047
"Sockeye","Transboundary",2002,290334,44.12437376
"Sockeye","Transboundary",2003,511512,77.73866412
"Sockeye","Transboundary",2004,474256,72.07662065
"Sockeye","Transboundary",2005,393517,59.80599847
"Sockeye","Transboundary",2006,440958,67.01594265
"Sockeye","Transboundary",2007,322235,48.97268966
"Sockeye","Transboundary",2008,273932,41.63168751
"Sockeye","Transboundary",2009,281324,42.75511023
"Sockeye","Transboundary",2010,284515,43.24007261
"Sockeye","Transboundary",2011,367320,55.82456605
"Sockeye","Transboundary",2012,277946,42.24171205
"Sockeye","Transboundary",2013,302194,45.92682729
"Sockeye","Transboundary",2014,248398,37.75100364
"Sockeye","Transboundary",2015,318852,48.45852121
"Sockeye","Transboundary",2016,469060,71.28689019
"Sockeye","Transboundary",2017,264536,40.20365289
"Sockeye","Transboundary",2018,176811,26.87148184
"Sockeye","Transboundary",2019,260758,39.62951457
"Sockeye","Transboundary",2020,159690,24.26945291
"Sockeye","Transboundary",2021,304300,46.24692491
