"Species","Region","Year","reg_runsize_raw","reg_runsize_relative"
"Chinook","CC",1985,8121.57142857143,37.4484768601061
"Chinook","CC",1986,8551.85714285714,49.3457212504716
"Chinook","CC",1987,5886.28571428571,34.4713328904755
"Chinook","CC",1988,5821.42857142857,34.6121156271899
"Chinook","CC",1989,6930.28571428571,34.0892046965776
"Chinook","CC",1990,7048.14285714286,39.6054874038702
"Chinook","CC",1991,5892.42857142857,29.577949192833
"Chinook","CC",1992,9902.28571428571,43.1598055046773
"Chinook","CC",1993,11291.5714285714,41.956595028177
"Chinook","CC",1994,8083.5,31.7528567583424
"Chinook","CC",1995,8975.33333333333,26.3778510567809
"Chinook","CC",1996,7277.66666666667,27.563792408886
"Chinook","CC",1997,7302.83333333333,30.2873033211164
"Chinook","CC",1998,9352.83333333333,50.5559264229537
"Chinook","CC",1999,6854.71428571429,35.5370270461621
"Chinook","CC",2000,8408.14285714286,41.5355694018381
"Chinook","CC",2001,9747.5,51.8164766678719
"Chinook","CC",2002,7106.28571428571,51.4007482087321
"Chinook","CC",2003,6328.28571428571,39.4617783839828
"Chinook","CC",2004,7729.42857142857,43.8522688718873
"Chinook","CC",2005,9626.14285714286,52.6333219628526
"Chinook","CC",2006,9153,54.7352336280836
"Chinook","CC",2007,7174.5,49.3464308955404
"Chinook","CC",2008,4744,29.5980529832177
"Chinook","CC",2009,6915,44.2955625224438
"Chinook","CC",2010,7014.83333333333,28.8063699180626
"Chinook","CC",2011,6846.16666666667,28.4529971446611
"Chinook","CC",2012,3345,17.2297604314011
"Chinook","CC",2013,9424,44.2209831004729
"Chinook","CC",2014,9791,43.2236682731193
"Chinook","CC",2015,15658.1666666667,52.2763137041146
"Chinook","CC",2016,12126,48.4923328105556
"Chinook","CC",2017,5483.66666666667,28.0622107193775
"Chinook","Skeena",1984,12551.5714285714,18.8356635629526
"Chinook","Skeena",1985,22949.1428571429,43.9826319618181
"Chinook","Skeena",1986,23231.7142857143,49.4320857902669
"Chinook","Skeena",1987,15227.2857142857,38.2780498544035
"Chinook","Skeena",1988,32824,62.8127271731914
"Chinook","Skeena",1989,19346.7142857143,41.2766460266555
"Chinook","Skeena",1990,19549.5714285714,38.0603020119842
"Chinook","Skeena",1991,28213.4285714286,41.9452649764496
"Chinook","Skeena",1992,26447.1666666667,51.0776765201335
"Chinook","Skeena",1993,25086,42.6589171432563
"Chinook","Skeena",1994,9830.28571428571,20.1256566430895
"Chinook","Skeena",1995,18583,32.7760410627278
"Chinook","Skeena",1996,27210.5,38.9667085336504
"Chinook","Skeena",1997,16684.8333333333,30.3230728633206
"Chinook","Skeena",1998,15187.8333333333,40.9394890970118
"Chinook","Skeena",1999,18780.6666666667,32.6750666001132
"Chinook","Skeena",2000,19608,42.3380523485708
"Chinook","Skeena",2001,25455.8571428571,62.3774428905455
"Chinook","Skeena",2002,15493.6666666667,37.8560457646159
"Chinook","Skeena",2003,18870.1666666667,43.2177187365621
"Chinook","Skeena",2004,16430.4,38.206025718602
"Chinook","Skeena",2005,14579.8333333333,30.9483650284865
"Chinook","Skeena",2006,18740.5,38.5561996187139
"Chinook","Skeena",2007,19695.2,41.1054917136432
"Chinook","Skeena",2008,27133.25,38.9994506028756
"Chinook","Skeena",2009,15286,23.2569370410817
"Chinook","Skeena",2010,19788.5,24.2670450572358
"Chinook","Skeena",2011,15983.2,21.844660688625
"Chinook","Skeena",2012,18848.5,21.960769224171
"Chinook","Skeena",2015,27458,27.9000409835757
"Chinook","Skeena",2016,26206.3333333333,27.1191379696793
"Chinook","Skeena",2017,10112.3333333333,12.4564038266449
"Chum","CC",1954,322497.714285714,41.8906471170368
"Chum","CC",1955,168179.571428571,19.6366939097595
"Chum","CC",1956,191057.428571429,20.9507744612643
"Chum","CC",1957,277448.142857143,34.5753244798634
"Chum","CC",1958,344331.714285714,47.7249406422307
"Chum","CC",1959,101504.857142857,11.4879072127909
"Chum","CC",1960,154461.571428571,21.1910265683537
"Chum","CC",1961,128706.571428571,14.8627067966155
"Chum","CC",1962,269852.285714286,31.4847232234323
"Chum","CC",1963,249287.428571429,28.183171985461
"Chum","CC",1964,310437.428571429,38.7008833997172
"Chum","CC",1965,115218.142857143,12.3857799801842
"Chum","CC",1966,358221.142857143,31.7490565551861
"Chum","CC",1967,196432.571428571,22.9681877257679
"Chum","CC",1968,436376.857142857,45.9361292168606
"Chum","CC",1969,178648.714285714,19.4096337722408
"Chum","CC",1970,389904.142857143,46.7222860106155
"Chum","CC",1971,158136.142857143,18.8962743243005
"Chum","CC",1972,372742.571428571,41.7397760469908
"Chum","CC",1973,434524.714285714,55.0860081934738
"Chum","CC",1974,270425.285714286,31.4255540442614
"Chum","CC",1975,113783.428571429,13.482479143822
"Chum","CC",1976,149801.142857143,14.4469113785779
"Chum","CC",1977,161999.142857143,23.1310636886341
"Chum","CC",1978,252594.857142857,32.3245263856098
"Chum","CC",1979,163493.714285714,16.6422587767712
"Chum","CC",1980,196430.428571429,25.856111061684
"Chum","CC",1981,163467.714285714,24.8764479255701
"Chum","CC",1982,227057.285714286,34.881162523621
"Chum","CC",1983,154979.142857143,19.3143242720121
"Chum","CC",1984,136314.571428571,15.3494573232228
"Chum","CC",1985,287592.142857143,32.2846285004594
"Chum","CC",1986,533767,64.9438000564541
"Chum","CC",1987,225523,28.143732205416
"Chum","CC",1988,470452,44.8760245656103
"Chum","CC",1989,199057,21.004484967501
"Chum","CC",1990,371451.142857143,36.3687809988216
"Chum","CC",1991,172543.428571429,21.0970850884638
"Chum","CC",1992,116758.857142857,12.434846919793
"Chum","CC",1993,143339.428571429,14.1564946873285
"Chum","CC",1994,262512.857142857,24.0470522834546
"Chum","CC",1995,334025,34.6272491992127
"Chum","CC",1996,210182.285714286,21.9297935314763
"Chum","CC",1997,167110.571428571,16.188853468322
"Chum","CC",1998,564690.571428571,49.4393583023243
"Chum","CC",1999,174092,17.9595932948607
"Chum","CC",2000,149200.571428571,19.5007527705013
"Chum","CC",2001,227133.428571429,28.2493228747089
"Chum","CC",2002,411125.428571429,42.067573639741
"Chum","CC",2003,500186.875,61.9597764419473
"Chum","CC",2004,386675.375,52.0105335334907
"Chum","CC",2005,218552.25,27.2602455590091
"Chum","CC",2006,201366.875,22.975366331531
"Chum","CC",2007,110204.25,13.8407792547647
"Chum","CC",2008,42202.875,6.13345847076112
"Chum","CC",2009,81225.875,10.3911161263026
"Chum","CC",2010,44419.75,5.54566525745342
"Chum","CC",2011,180884.75,21.8422507711716
"Chum","CC",2012,156261.125,17.1412885214315
"Chum","CC",2013,193737.571428571,26.6598986747993
"Chum","CC",2014,85052.875,10.5014711954447
"Chum","CC",2015,349789.833333333,39.2046394431228
"Chum","CC",2016,195762.857142857,23.5730723423616
"Chum","CC",2017,156815.666666667,23.011681435999
"Chum","Nass",1958,95124.3333333333,30.7765436286086
"Chum","Nass",1959,208099.333333333,55.3565141204201
"Chum","Nass",1960,94700.6666666667,26.4639979788784
"Chum","Nass",1961,176795,44.2936916940923
"Chum","Nass",1963,62604,25.5532960638984
"Chum","Nass",1964,267184,74.2595387129323
"Chum","Nass",1965,59153.3333333333,21.0568971094613
"Chum","Nass",1966,132146,35.1720169087592
"Chum","Nass",1967,183001.666666667,43.9712476077997
"Chum","Nass",1968,44459.3333333333,27.8964088935645
"Chum","Nass",1970,36555.6666666667,20.1063221022464
"Chum","Nass",1974,108706.666666667,49.2028538118144
"Chum","Nass",1976,47866.6666666667,19.3545082167346
"Chum","Nass",1981,15266.3333333333,6.78461783910522
"Chum","Nass",1982,21503.3333333333,9.84596543884436
"Chum","Nass",1983,53483.6666666667,22.5896284761981
"Chum","Nass",1987,32330.6666666667,13.1161701497675
"Chum","Nass",1988,47087.3333333333,24.1046197678437
"Chum","Nass",1989,41110,16.9725108285859
"Chum","Nass",1990,32427,11.7201580385186
"Chum","Nass",1991,39947,19.9761236975606
"Chum","Nass",2005,28963.3333333333,12.5037852143622
"Chum","Nass",2009,19710,8.45810277368652
"Chum","Nass",2010,13871.3333333333,5.06139466991221
"Chum","Nass",2011,14671,5.45914681071451
"Chum","Nass",2012,15278.6666666667,7.35372247439347
"Chum","Nass",2013,12340.3333333333,5.89510707739482
"Chum","Nass",2014,16300,7.62901766786276
"Chum","Nass",2015,61364.6666666667,36.6508006166854
"Chum","Nass",2016,17143,5.02747357744118
"Chum","Skeena",1954,75266.6666666667,74.3658916410162
"Chum","Skeena",1955,15647,15.4843409354637
"Chum","Skeena",1956,44155.6666666667,37.7873701472327
"Chum","Skeena",1957,16596.6666666667,33.2873336565165
"Chum","Skeena",1958,9970.66666666667,8.97663912415289
"Chum","Skeena",1961,53249,21.3868815847365
"Chum","Skeena",1962,10848,5.66853596783978
"Chum","Skeena",1964,8454,9.2078054640732
"Chum","Skeena",1965,8435.66666666667,9.47394891599634
"Chum","Skeena",1966,22033.3333333333,10.0168576997141
"Chum","Skeena",1967,21979.6666666667,9.19930454370058
"Chum","Skeena",1968,14292,8.6721616327589
"Chum","Skeena",1969,11512.6666666667,4.12720112550078
"Chum","Skeena",1970,16839,5.26279424060335
"Chum","Skeena",1971,6635.5,2.16879000231811
"Chum","Skeena",1972,36425.3333333333,13.7381304112283
"Chum","Skeena",1973,24181.3333333333,9.52114539359853
"Chum","Skeena",1974,19157.5,6.79042584621612
"Chum","Skeena",1975,12430.5,4.30416165640511
"Chum","Skeena",1976,8297.33333333333,4.10467124051471
"Chum","Skeena",1977,17968.5,5.85994912842654
"Chum","Skeena",1978,7097,3.64954092963783
"Chum","Skeena",1981,26379,11.7149481285402
"Chum","Skeena",1982,5901.33333333333,2.80495797101045
"Chum","Skeena",1983,3223.66666666667,1.96942624205293
"Chum","Skeena",1984,35109.3333333333,13.1140882699059
"Chum","Skeena",1985,28009,12.7082380352141
"Chum","Skeena",1986,12127,5.46555878351695
"Chum","Skeena",1987,7973.5,2.98603084989467
"Chum","Skeena",1988,118440.666666667,41.5036468446119
"Chum","Skeena",1989,22768.3333333333,8.59647524302245
"Chum","Skeena",1990,9649,5.13394664034398
"Chum","Skeena",1991,9759.5,5.65150450428469
"Chum","Skeena",1992,7934,3.94929220939793
"Chum","Skeena",1993,12882.3333333333,4.89369838667631
"Chum","Skeena",1994,14209.5,5.02253308137058
"Chum","Skeena",1995,9642.66666666667,3.97490321052002
"Chum","Skeena",1996,14582.5,4.85853776403444
"Chum","Skeena",1997,30777.5,9.58675736269
"Chum","Skeena",1998,12407,4.70866396695615
"Chum","Skeena",2003,8150,3.65499266377887
"Chum","Skeena",2004,12446,4.88725903406895
"Chum","Skeena",2005,11436.3333333333,5.64470497073458
"Chum","Skeena",2007,5483.5,1.90783472755175
"Chum","Skeena",2008,2660,0.90892883450146
"Chum","Skeena",2009,3089.66666666667,3.12780267128229
"Chum","Skeena",2010,1578.33333333333,1.59743287460894
"Chum","Skeena",2011,4703,1.73549599013581
"Chum","Skeena",2012,3449,1.3248322504529
"Chum","Skeena",2013,934.666666666667,0.710032373909788
"Chum","Skeena",2014,1645.5,0.78261854998878
"Chum","Skeena",2015,1499,0.653388502911913
"Chum","Skeena",2016,1638.66666666667,1.23547599566072
"Chum","Skeena",2017,865.666666666667,0.820798437473878
"Coho","CC",1954,129646.25,36.8150352635872
"Coho","CC",1955,107823,25.6615944471803
"Coho","CC",1956,161664,45.2197140569975
"Coho","CC",1958,77592,18.2642994432133
"Coho","CC",1959,127774.625,31.253323254231
"Coho","CC",1960,91532.6666666667,23.4661156648492
"Coho","CC",1961,200808.333333333,45.4618699428012
"Coho","CC",1962,115412,33.9669969829394
"Coho","CC",1963,158152.25,41.9330742016903
"Coho","CC",1964,237970.375,68.1500992138972
"Coho","CC",1965,190868,53.6139646393369
"Coho","CC",1966,169997.142857143,44.3967443282081
"Coho","CC",1967,79975.875,21.8767104059423
"Coho","CC",1968,172443.375,52.7710974629452
"Coho","CC",1969,37045.125,20.0143189210298
"Coho","CC",1970,73740.125,25.3591919383379
"Coho","CC",1971,74971,24.2130345998447
"Coho","CC",1972,137643.714285714,40.3878550924359
"Coho","CC",1973,89321.625,25.1857648911419
"Coho","CC",1974,101204.5,29.2285672342234
"Coho","CC",1975,74935.7142857143,16.3633691835847
"Coho","CC",1976,85911.2857142857,26.3029273943335
"Coho","CC",1977,82805.5714285714,19.8757697429029
"Coho","CC",1978,118370.714285714,30.9579515285953
"Coho","CC",1979,98133,24.6729630998951
"Coho","CC",1980,79225,19.8629383435911
"Coho","CC",1981,75626.2857142857,18.1316002610573
"Coho","CC",1982,59063.5714285714,15.11899118197
"Coho","CC",1983,75773,22.3929674474842
"Coho","CC",1984,92987.4285714286,30.2958124884032
"Coho","CC",1985,79446,20.7117512795485
"Coho","CC",1986,105453.285714286,26.6952232157347
"Coho","CC",1987,61429,15.1814532877536
"Coho","CC",1988,64572.1428571429,19.6137845438827
"Coho","CC",1989,47753.7142857143,15.3188391324616
"Coho","CC",1990,95058,26.3645668299484
"Coho","CC",1991,57937.6666666667,18.5307156906237
"Coho","CC",1992,86660.1666666667,25.3332965049408
"Coho","CC",1994,67751.8333333333,21.2153017228094
"Coho","CC",1995,27994.8333333333,10.7694353328821
"Coho","CC",1996,47977.3333333333,18.5618836580561
"Coho","CC",1997,44537.8333333333,11.1987648023909
"Coho","CC",1998,99236.25,34.1863775072916
"Coho","CC",2002,89253.75,33.0499985040713
"Coho","CC",2004,88085.5714285714,38.4428838136727
"Coho","CC",2005,104404,36.5453777185319
"Coho","CC",2006,60922,23.9662854443027
"Coho","CC",2007,48008.375,16.8709576047954
"Coho","CC",2008,36322.625,13.4693270240616
"Coho","CC",2009,185930.5,60.2053180508098
"Coho","CC",2010,70878.625,24.1257649949697
"Coho","CC",2011,108155.25,32.9761056519367
"Coho","CC",2012,69201.125,21.6477940182305
"Coho","CC",2013,73161.125,28.1507985934701
"Coho","CC",2014,79925.2857142857,25.3969707411618
"Coho","CC",2016,90417.1666666667,28.3281175888168
"Coho","Nass",1959,39463,4.75834780364343
"Coho","Nass",1965,134457.5,17.2084506320378
"Coho","Nass",1966,109171.5,12.6178321394052
"Coho","Nass",1968,68317,10.7501347412614
"Coho","Nass",1969,36987.3333333333,26.3618665368344
"Coho","Nass",1970,45291.6666666667,17.0308302632829
"Coho","Nass",1971,76271.6666666667,21.1967257725417
"Coho","Nass",1972,58087.5,8.3800387560271
"Coho","Nass",1974,47328.3333333333,11.6472187232793
"Coho","Nass",1975,43804.3333333333,11.5322134204596
"Coho","Nass",1976,43864.3333333333,11.5682714857702
"Coho","Nass",1977,39339.6666666667,15.8208586267393
"Coho","Nass",1978,76012.3333333333,18.2223916544339
"Coho","Nass",1979,60901,15.6374123568092
"Coho","Nass",1980,62100.6666666667,20.3512171917592
"Coho","Nass",1981,72136.6666666667,20.2316264744554
"Coho","Nass",1982,69301.3333333333,20.5403475430936
"Coho","Nass",1983,152307.333333333,35.1371063867495
"Coho","Nass",1984,174929.333333333,46.1457851510411
"Coho","Nass",1985,173079,50.2975986722653
"Coho","Nass",1986,185732.666666667,63.8288270704335
"Coho","Nass",1987,86428,26.3661787719621
"Coho","Nass",1988,36286.6666666667,9.64775511430605
"Coho","Nass",1989,74379,23.672089358227
"Coho","Nass",1990,178402.333333333,57.6837948788155
"Coho","Nass",1991,102077.666666667,22.5724600031857
"Coho","Nass",1992,130002.333333333,38.3973936739937
"Coho","Nass",1993,71382,15.3080931063934
"Coho","Nass",1994,318633.666666667,64.5446436116814
"Coho","Nass",1995,152602.666666667,34.0523110925672
"Coho","Nass",1996,135019.666666667,30.4792138074094
"Coho","Nass",1997,42797.6666666667,8.86742241658023
"Coho","Nass",1998,86803.3333333333,19.9383621601736
"Coho","Nass",1999,116529.333333333,26.7288925515149
"Coho","Nass",2000,74654.6666666667,18.016485550179
"Coho","Nass",2001,165041.333333333,44.6693779526388
"Coho","Nass",2002,131136,29.3721886342545
"Coho","Nass",2003,117203.666666667,26.1107656578878
"Coho","Nass",2004,109391,32.7938066601963
"Coho","Nass",2005,146616.333333333,46.1373068146059
"Coho","Nass",2006,78515.3333333333,28.63824714904
"Coho","Nass",2008,62160.6666666667,19.5776590887971
"Coho","Nass",2010,88848.3333333333,24.8336932315826
"Coho","Nass",2012,94541.6666666667,30.3062668782006
"Coho","Nass",2013,338840,60.8698811232589
"Coho","Nass",2014,160918.666666667,38.8912254591486
"Coho","Skeena",1954,246196.5,41.9912161265997
"Coho","Skeena",1955,375632,43.5549559881337
"Coho","Skeena",1956,485542,73.4722387449207
"Coho","Skeena",1957,276554.666666667,46.0264375727007
"Coho","Skeena",1958,408816,57.1389453720226
"Coho","Skeena",1960,508852.666666667,52.5547883438055
"Coho","Skeena",1961,224708.25,43.3968213959256
"Coho","Skeena",1962,169487.75,49.788836860661
"Coho","Skeena",1963,304124,50.9506582277029
"Coho","Skeena",1964,299657.333333333,31.936495113455
"Coho","Skeena",1965,406985.75,45.7298486586408
"Coho","Skeena",1966,262337,41.4753402454741
"Coho","Skeena",1967,103516,17.8589948725185
"Coho","Skeena",1968,283464.5,40.85297771081
"Coho","Skeena",1969,130409.5,21.7085175833378
"Coho","Skeena",1970,186369.5,34.219780214879
"Coho","Skeena",1971,215035,24.3726211126171
"Coho","Skeena",1972,168855.25,23.5899272221236
"Coho","Skeena",1973,84951,17.6485827285063
"Coho","Skeena",1974,102757,13.461528711698
"Coho","Skeena",1975,42670,5.62393396712806
"Coho","Skeena",1976,84144.6666666667,9.66059009722718
"Coho","Skeena",1977,104905.666666667,15.3097903493784
"Coho","Skeena",1978,180424.666666667,24.3088907610846
"Coho","Skeena",1979,74775.3333333333,8.76204390610627
"Coho","Skeena",1980,192178.333333333,25.4844510744064
"Coho","Skeena",1981,113714.333333333,12.1667028197613
"Coho","Skeena",1982,80250,12.44978182837
"Coho","Skeena",1983,205544.333333333,28.7822958750529
"Coho","Skeena",1984,210126.333333333,22.5268741364582
"Coho","Skeena",1985,117495,16.713049421492
"Coho","Skeena",1986,397260,44.233069429486
"Coho","Skeena",1987,268804.5,25.2542612996305
"Coho","Skeena",1988,42584.6666666667,5.31951251169983
"Coho","Skeena",1989,171490,19.1965509952753
"Coho","Skeena",1990,270021.75,52.3047030142481
"Coho","Skeena",1991,180059.333333333,20.6258105475414
"Coho","Skeena",1992,172948.333333333,19.3445203760819
"Coho","Skeena",1993,67075.25,13.3780825359174
"Coho","Skeena",1994,313177,31.6934964965635
"Coho","Skeena",1995,61886.5,5.78631325723756
"Coho","Skeena",1996,143792.5,15.6614072770936
"Coho","Skeena",1997,26245.6666666667,3.93779215770408
"Coho","Skeena",1998,109103.5,11.6015049490157
"Coho","Skeena",1999,152834.666666667,23.563020103446
"Coho","Skeena",2000,65066.75,13.780478054389
"Coho","Skeena",2001,160001.25,31.1794725084189
"Coho","Skeena",2002,120440,23.9821432284437
"Coho","Skeena",2003,122840,24.4607630563891
"Coho","Skeena",2004,110011.5,23.8151928414513
"Coho","Skeena",2005,176293.25,40.5827718583917
"Coho","Skeena",2006,97117.75,21.4669796605045
"Coho","Skeena",2007,98574.75,21.243453441858
"Coho","Skeena",2008,74521.75,18.5590658335448
"Coho","Skeena",2009,255497,61.7840879116232
"Coho","Skeena",2010,124133.25,29.2656078696992
"Coho","Skeena",2011,87812.3333333333,26.2645913502192
"Coho","Skeena",2012,110086.666666667,28.4703001868919
"Coho","Skeena",2013,165320.25,36.6416017268612
"Coho","Skeena",2014,140976,37.8448894941319
"Coho","Skeena",2015,88289.3333333333,30.9734813767121
"Coho","Skeena",2016,195831.333333333,37.5433322321438
"Coho","Skeena",2017,96269.3333333333,24.4051267393311
"Pink (Even)","Skeena",1954,953507,16.315713263238
"Pink (Even)","Skeena",1956,714327.5,11.6613312532286
"Pink (Even)","Skeena",1958,727347.5,13.30522273593
"Pink (Even)","Skeena",1960,378280,6.27165627539205
"Pink (Even)","Skeena",1962,1571379.5,25.7685945054307
"Pink (Even)","Skeena",1964,2494060.5,38.8426341627987
"Pink (Even)","Skeena",1966,1476786,24.5860621082369
"Pink (Even)","Skeena",1968,2968918.5,49.5825130278232
"Pink (Even)","Skeena",1970,1865416,34.9383731161616
"Pink (Even)","Skeena",1972,2400088.5,40.2656107445419
"Pink (Even)","Skeena",1974,740310,12.0011663759737
"Pink (Even)","Skeena",1976,1143837.5,22.137410083859
"Pink (Even)","Skeena",1978,1994265,39.6294500606587
"Pink (Even)","Skeena",1980,1453676,27.4905575690655
"Pink (Even)","Skeena",1982,1825284,34.8598441494485
"Pink (Even)","Skeena",1984,3220080.5,53.2288448909538
"Pink (Even)","Skeena",1986,4390125,76.9066224721342
"Pink (Even)","Skeena",1988,1924869,33.0237091571037
"Pink (Even)","Skeena",1990,4690573.5,87.3047097176458
"Pink (Even)","Skeena",1992,2523592.5,58.442914614977
"Pink (Even)","Skeena",1994,596188,11.8583590812843
"Pink (Even)","Skeena",1996,4377561.5,83.3238577058663
"Pink (Even)","Skeena",1998,512605.5,9.22323975608967
"Pink (Even)","Skeena",2000,1122461,19.6692528742074
"Pink (Even)","Skeena",2002,1714669.5,26.7546311750424
"Pink (Even)","Skeena",2004,2070525,33.3234324113425
"Pink (Even)","Skeena",2006,356866,6.56646224089338
"Pink (Even)","Skeena",2008,182794,3.33985046982071
"Pink (Even)","Skeena",2010,700135.5,11.6196125305178
"Pink (Even)","Skeena",2012,750428,12.313506208512
"Pink (Even)","Skeena",2014,2696562,44.0662818233562
"Pink (Even)","Skeena",2016,642148,10.7239514797014
"Pink (Even)","VIMI",1954,662835.5,21.3689899450262
"Pink (Even)","VIMI",1956,813470.5,19.2721660120315
"Pink (Even)","VIMI",1958,1078423.5,26.722928696569
"Pink (Even)","VIMI",1960,293038.5,5.69327521583657
"Pink (Even)","VIMI",1962,740269,13.3005084159943
"Pink (Even)","VIMI",1964,756664.5,13.8294858740589
"Pink (Even)","VIMI",1966,2405168.5,42.391003271384
"Pink (Even)","VIMI",1968,2620009,46.0425477471417
"Pink (Even)","VIMI",1970,1805433.5,31.6349148056045
"Pink (Even)","VIMI",1972,759899.5,13.6643730504589
"Pink (Even)","VIMI",1974,1378994,24.378356713474
"Pink (Even)","VIMI",1976,2822814,50.2130645955005
"Pink (Even)","VIMI",1978,1252074,21.9447660302318
"Pink (Even)","VIMI",1980,1345098.5,23.8651203434095
"Pink (Even)","VIMI",1982,389830.5,6.72062768606495
"Pink (Even)","VIMI",1984,311691.5,5.45341121564995
"Pink (Even)","VIMI",1986,1041827,23.6120295295667
"Pink (Even)","VIMI",1988,1358672.5,27.633275135906
"Pink (Even)","VIMI",1990,2190324,49.3177466393981
"Pink (Even)","VIMI",1992,1804191.5,37.8566490728288
"Pink (Even)","VIMI",1994,841224.5,16.3255335543357
"Pink (Even)","VIMI",1996,1340612.5,26.5572686975935
"Pink (Even)","VIMI",1998,1206548,21.9149863608259
"Pink (Even)","VIMI",2000,3085039,55.6865945480227
"Pink (Even)","VIMI",2002,567016,12.8403197913107
"Pink (Even)","VIMI",2004,859222.5,15.3866937346202
"Pink (Even)","VIMI",2006,354011.5,6.75844695339572
"Pink (Even)","VIMI",2008,318377,7.26302705457207
"Pink (Even)","VIMI",2010,835100.5,24.0431142992722
"Pink (Even)","VIMI",2012,1492435.5,32.5260217439689
"Pink (Even)","VIMI",2014,3125578,83.1968052912322
"Pink (Even)","VIMI",2016,404124,8.14307312514144
"Pink (Odd)","CC",1955,917839.333333333,22.6477368228558
"Pink (Odd)","CC",1957,1288502.66666667,33.6779512297099
"Pink (Odd)","CC",1959,913711.666666667,16.9314550045832
"Pink (Odd)","CC",1961,3259420,53.3767539815625
"Pink (Odd)","CC",1963,2929172,50.1660198510422
"Pink (Odd)","CC",1965,1392749,24.8996784095493
"Pink (Odd)","CC",1967,378465.333333333,8.20085280340619
"Pink (Odd)","CC",1969,397707,12.1174725375602
"Pink (Odd)","CC",1971,844302.333333333,23.8240547486785
"Pink (Odd)","CC",1973,643438.333333333,15.2813988471709
"Pink (Odd)","CC",1975,589612.666666667,15.980987824291
"Pink (Odd)","CC",1977,1051466.33333333,31.6764939542941
"Pink (Odd)","CC",1979,1713304,33.0517683150422
"Pink (Odd)","CC",1981,2023610.66666667,41.005700938335
"Pink (Odd)","CC",1983,1774580.33333333,29.5804263756028
"Pink (Odd)","CC",1985,3582868.33333333,62.3525182640945
"Pink (Odd)","CC",1987,1208008,21.0519405033919
"Pink (Odd)","CC",1989,924572.666666667,17.3237602984647
"Pink (Odd)","CC",1991,2147722.33333333,33.953997536701
"Pink (Odd)","CC",1993,1144022,17.330465544438
"Pink (Odd)","CC",1995,986169.333333333,19.6932835530084
"Pink (Odd)","CC",1997,1262469,20.2135175462998
"Pink (Odd)","CC",1999,1238602.66666667,25.2433482237395
"Pink (Odd)","CC",2001,4026423.66666667,71.41011294474
"Pink (Odd)","CC",2003,3080443.66666667,50.6814335354514
"Pink (Odd)","CC",2005,2693850.33333333,47.6352834321113
"Pink (Odd)","CC",2007,2037837.66666667,36.4174325906587
"Pink (Odd)","CC",2009,3527839,67.4593763135409
"Pink (Odd)","CC",2011,1481738.33333333,26.2571332200617
"Pink (Odd)","CC",2013,4520974,72.5376152281069
"Pink (Odd)","CC",2017,3539348.66666667,43.910301848389
"Pink (Odd)","Skeena",1955,529915.333333333,9.30162295375264
"Pink (Odd)","Skeena",1957,892008.333333333,9.34092813125825
"Pink (Odd)","Skeena",1959,915215,11.4036793347356
"Pink (Odd)","Skeena",1961,945737,13.6255369971671
"Pink (Odd)","Skeena",1963,1131210.33333333,10.9778391041935
"Pink (Odd)","Skeena",1965,1515382.33333333,13.1340075473452
"Pink (Odd)","Skeena",1967,790018.333333333,6.49602296569612
"Pink (Odd)","Skeena",1969,1018940.66666667,8.32034133564918
"Pink (Odd)","Skeena",1971,1043796,12.5359714680289
"Pink (Odd)","Skeena",1973,1219356,9.50425553388465
"Pink (Odd)","Skeena",1975,1843918.33333333,14.5103195786523
"Pink (Odd)","Skeena",1977,1265868.33333333,12.0759959160572
"Pink (Odd)","Skeena",1979,559973.666666667,5.21005018662861
"Pink (Odd)","Skeena",1981,1851108.66666667,15.7757118596011
"Pink (Odd)","Skeena",1983,4381804.66666667,46.3653463681917
"Pink (Odd)","Skeena",1985,2547350,30.5686133326038
"Pink (Odd)","Skeena",1987,3350672.33333333,27.2108059711101
"Pink (Odd)","Skeena",1989,4571214.66666667,60.3296786537698
"Pink (Odd)","Skeena",1991,10584175.3333333,98.2606552610467
"Pink (Odd)","Skeena",1993,1269255.66666667,14.9833677052787
"Pink (Odd)","Skeena",1995,3563531.66666667,34.7786127875816
"Pink (Odd)","Skeena",1997,562099,7.45976456424506
"Pink (Odd)","Skeena",1999,1566439.66666667,35.4779927268616
"Pink (Odd)","Skeena",2001,1506983,27.3091136589914
"Pink (Odd)","Skeena",2003,2014729.66666667,35.1068802790065
"Pink (Odd)","Skeena",2005,1803367.33333333,43.0332483277065
"Pink (Odd)","Skeena",2007,1093460.66666667,28.3457757957963
"Pink (Odd)","Skeena",2009,2934936.66666667,32.9191249064058
"Pink (Odd)","Skeena",2011,343584,5.57427874617441
"Pink (Odd)","Skeena",2013,1245491,25.2138188538562
"Pink (Odd)","Skeena",2015,328017.333333333,5.67427214338865
"Pink (Odd)","Skeena",2017,433776.333333333,6.20146828469585
"Pink (Odd)","VIMI",1959,491735.2,35.4410312111604
"Pink (Odd)","VIMI",1961,584466.6,34.3381734775924
"Pink (Odd)","VIMI",1963,763476,43.5245936136081
"Pink (Odd)","VIMI",1965,208330.6,18.499136104246
"Pink (Odd)","VIMI",1967,217898.2,11.8294752366607
"Pink (Odd)","VIMI",1969,65945.8,3.32747878925299
"Pink (Odd)","VIMI",1971,255531.4,14.4386165854946
"Pink (Odd)","VIMI",1973,416351.6,24.1982996377151
"Pink (Odd)","VIMI",1975,449299.4,22.9576653247916
"Pink (Odd)","VIMI",1977,135606.2,6.22554332470652
"Pink (Odd)","VIMI",1979,136628.6,5.78846591431085
"Pink (Odd)","VIMI",1981,346166,15.0233757511649
"Pink (Odd)","VIMI",1983,522804.4,26.2846778389562
"Pink (Odd)","VIMI",1985,356035.2,24.946829512788
"Pink (Odd)","VIMI",1987,196606.6,10.6402876560755
"Pink (Odd)","VIMI",1989,375382.8,21.7673626683224
"Pink (Odd)","VIMI",1991,311109.4,13.2283971555453
"Pink (Odd)","VIMI",1993,387784.6,25.4846016050806
"Pink (Odd)","VIMI",1995,173535.4,7.61007775985953
"Pink (Odd)","VIMI",1997,191244.2,7.30354388947553
"Pink (Odd)","VIMI",1999,294501.8,10.6321050777174
"Pink (Odd)","VIMI",2001,589828.2,24.5290150285587
"Pink (Odd)","VIMI",2003,242532,11.056926907935
"Pink (Odd)","VIMI",2005,255360.2,15.3947660207838
"Pink (Odd)","VIMI",2007,251164.2,18.2843693378818
"Pink (Odd)","VIMI",2009,889906,59.7892499936885
"Pink (Odd)","VIMI",2011,406613,18.6391103684184
"Pink (Odd)","VIMI",2013,1133954.4,55.9332385340574
"Pink (Odd)","VIMI",2015,950406.4,37.8232200378381
"Sockeye","CC",1954,77671.2666666667,23.4064733364601
"Sockeye","CC",1955,82640.125,28.2788287378262
"Sockeye","CC",1956,118879.5625,26.0390433165557
"Sockeye","CC",1957,64506.2666666667,22.3722514885107
"Sockeye","CC",1958,112528.875,32.7268827428163
"Sockeye","CC",1959,107758.6,28.8128660472271
"Sockeye","CC",1960,49930.125,20.0449812748253
"Sockeye","CC",1961,61381.8461538462,25.8731698648155
"Sockeye","CC",1962,125881.772727273,30.5178536855558
"Sockeye","CC",1963,155199.739130435,44.500436187829
"Sockeye","CC",1964,113907.68,34.4842042640381
"Sockeye","CC",1965,62686,29.8063190420367
"Sockeye","CC",1966,58817.6538461538,38.4566559026935
"Sockeye","CC",1967,76064.2307692308,25.1498951284512
"Sockeye","CC",1968,166686.16,33.8045876521899
"Sockeye","CC",1969,71725.6842105263,14.2895389450232
"Sockeye","CC",1970,38706.3157894737,19.9031356196208
"Sockeye","CC",1971,76195.0869565217,25.2953768783503
"Sockeye","CC",1972,58549.6363636364,24.6712846563422
"Sockeye","CC",1973,214306.80952381,30.3854194105759
"Sockeye","CC",1974,106837.619047619,25.2481212445305
"Sockeye","CC",1975,79975.2631578947,28.8639018150692
"Sockeye","CC",1976,98849.5,23.1001174364987
"Sockeye","CC",1977,76084.7,24.5817088190673
"Sockeye","CC",1978,70691.375,18.5853722284543
"Sockeye","CC",1979,50938.7272727273,35.2983717988573
"Sockeye","CC",1980,55529.2727272727,21.9972706605627
"Sockeye","CC",1981,106073.958333333,31.7276289225704
"Sockeye","CC",1982,109821.909090909,34.2497146413379
"Sockeye","CC",1983,73727.4090909091,18.3497165366995
"Sockeye","CC",1984,38336.6,15.6428895835865
"Sockeye","CC",1985,87470.6296296296,27.1022206358148
"Sockeye","CC",1986,81914.4444444444,21.156588048426
"Sockeye","CC",1987,70901,22.3972827494497
"Sockeye","CC",1988,73450.6666666667,26.4730142004895
"Sockeye","CC",1989,33732.0740740741,13.6424698063587
"Sockeye","CC",1990,54468.2608695652,12.6100344397728
"Sockeye","CC",1991,74544.2,27.822548737665
"Sockeye","CC",1992,96927,21.4147296001537
"Sockeye","CC",1993,48738.84,18.7274366491403
"Sockeye","CC",1994,40397.4705882353,16.2905658892113
"Sockeye","CC",1995,38621.3125,14.0063104443145
"Sockeye","CC",1996,22171.9090909091,20.2269174553354
"Sockeye","CC",1997,32287.4761904762,18.2783311131863
"Sockeye","CC",1998,19909.2105263158,15.0575854654746
"Sockeye","CC",1999,9541.5,18.4350279965602
"Sockeye","CC",2000,8167.91666666667,12.5509825344008
"Sockeye","CC",2001,11270.8333333333,13.4896464594199
"Sockeye","CC",2002,26187.5,14.4908282357628
"Sockeye","CC",2003,30176.0526315789,28.5736443923624
"Sockeye","CC",2004,17597.5416666667,14.4869154600447
"Sockeye","CC",2005,21268.0952380952,15.6378770217129
"Sockeye","CC",2006,14093.4545454545,15.2985346568707
"Sockeye","CC",2007,14913.9444444444,12.8806353015675
"Sockeye","CC",2008,11557.6111111111,10.24491385084
"Sockeye","CC",2009,17549.1428571429,16.8493494192378
"Sockeye","CC",2010,16381.8333333333,9.63947623482238
"Sockeye","CC",2011,68328.2,21.2554435850097
"Sockeye","CC",2012,17761.6363636364,13.0235833459977
"Sockeye","CC",2013,27915.7,15.5189664847472
"Sockeye","CC",2014,20354.8421052632,14.2179852594235
"Sockeye","Fraser",1952,176416.647058824,17.7084427940476
"Sockeye","Fraser",1953,298169.352941176,20.1443658602489
"Sockeye","Fraser",1954,162213.294117647,17.1623118081771
"Sockeye","Fraser",1955,121967.764705882,15.4180031650791
"Sockeye","Fraser",1956,162968.823529412,12.9541598337853
"Sockeye","Fraser",1957,262973.588235294,17.983069122685
"Sockeye","Fraser",1958,197114.888888889,15.6101538200969
"Sockeye","Fraser",1959,201295.611111111,20.180806149236
"Sockeye","Fraser",1960,197385.352941176,11.8652737567806
"Sockeye","Fraser",1961,265666.705882353,15.68720640204
"Sockeye","Fraser",1962,80771.0588235294,7.59782663746804
"Sockeye","Fraser",1963,192161.777777778,10.6379640224243
"Sockeye","Fraser",1964,95150.9444444444,7.35814216606356
"Sockeye","Fraser",1965,176976.117647059,9.37842088016776
"Sockeye","Fraser",1966,146689.823529412,13.1426841425718
"Sockeye","Fraser",1967,183623.888888889,21.6166195537761
"Sockeye","Fraser",1968,157105.5,13.2608575960208
"Sockeye","Fraser",1969,258760.388888889,14.4314811596142
"Sockeye","Fraser",1970,114392.222222222,8.8807910225054
"Sockeye","Fraser",1971,244503.555555556,21.0626241686358
"Sockeye","Fraser",1972,194755.277777778,17.1166862551218
"Sockeye","Fraser",1973,363136.333333333,17.6866147798969
"Sockeye","Fraser",1974,189270.333333333,13.8213114405989
"Sockeye","Fraser",1975,159736.055555556,16.9110516280104
"Sockeye","Fraser",1976,231712.888888889,22.1517311657487
"Sockeye","Fraser",1977,310533,14.4399969799218
"Sockeye","Fraser",1978,199003.833333333,11.863017895887
"Sockeye","Fraser",1979,291460.277777778,28.194682367289
"Sockeye","Fraser",1980,170005.166666667,11.5699146849767
"Sockeye","Fraser",1981,415599.833333333,16.47260128224
"Sockeye","Fraser",1982,344751.055555556,20.3005844090472
"Sockeye","Fraser",1983,198786.833333333,14.5420323967613
"Sockeye","Fraser",1984,321584.722222222,20.0805799190661
"Sockeye","Fraser",1985,758296.5,14.8752079855685
"Sockeye","Fraser",1986,508815.333333333,26.2892822361632
"Sockeye","Fraser",1987,304069.777777778,22.8867349004729
"Sockeye","Fraser",1988,197362.222222222,20.3821094248704
"Sockeye","Fraser",1989,1023963.72222222,26.1998331730484
"Sockeye","Fraser",1990,801841.333333333,26.4110255802651
"Sockeye","Fraser",1991,458737.777777778,27.4102859586541
"Sockeye","Fraser",1992,343353.888888889,24.9756565049951
"Sockeye","Fraser",1993,1307683.55555556,40.0279409863965
"Sockeye","Fraser",1994,651861.833333333,22.1265087578702
"Sockeye","Fraser",1995,163712.722222222,9.81603143712199
"Sockeye","Fraser",1996,242620.833333333,21.0864015824757
"Sockeye","Fraser",1997,906360.333333333,33.568393222194
"Sockeye","Fraser",1998,483764.166666667,22.6483029986159
"Sockeye","Fraser",1999,158204.444444444,14.7839682316101
"Sockeye","Fraser",2000,273977.333333333,26.801343086653
"Sockeye","Fraser",2001,390462.166666667,15.9759122521
"Sockeye","Fraser",2002,505053.833333333,16.9771842210291
"Sockeye","Fraser",2003,225322.444444444,15.9539172542468
"Sockeye","Fraser",2004,206510,26.8058540551806
"Sockeye","Fraser",2005,372203,16.9268820089516
"Sockeye","Fraser",2006,430294.833333333,23.7591700547645
"Sockeye","Fraser",2007,71458.2777777778,6.94194627185657
"Sockeye","Fraser",2008,88845.0555555556,9.17646533520617
"Sockeye","Fraser",2009,81251.1666666667,5.971544828725
"Sockeye","Fraser",2010,974464,34.976178709876
"Sockeye","Fraser",2011,253100.444444444,18.2735845207009
"Sockeye","Skeena",1960,40495.5,12.8009919753596
"Sockeye","Skeena",1961,139944.642857143,23.85765541304
"Sockeye","Skeena",1962,104504.538461538,17.2819474160578
"Sockeye","Skeena",1963,66524.1538461538,22.0046249421559
"Sockeye","Skeena",1964,119274.6,24.0282810782275
"Sockeye","Skeena",1965,82948.2666666667,19.743882525538
"Sockeye","Skeena",1966,81962.5,21.1332266999791
"Sockeye","Skeena",1967,171947.642857143,29.7259321405951
"Sockeye","Skeena",1968,108786.8,29.3240552637912
"Sockeye","Skeena",1969,111494.666666667,19.993017127804
"Sockeye","Skeena",1970,90290,16.8574839715439
"Sockeye","Skeena",1971,156325.384615385,20.5960820400296
"Sockeye","Skeena",1972,109598.4,25.4709807313409
"Sockeye","Skeena",1973,133634.6875,39.53244348384
"Sockeye","Skeena",1974,177582.846153846,26.7423990075619
"Sockeye","Skeena",1975,85289.8,12.1381229283438
"Sockeye","Skeena",1976,114858.25,11.2772640447764
"Sockeye","Skeena",1977,174117.538461538,18.5779378922675
"Sockeye","Skeena",1978,68365.2,15.4703876258314
"Sockeye","Skeena",1979,199072.923076923,22.3478986799866
"Sockeye","Skeena",1980,87687.8666666667,18.2347298760406
"Sockeye","Skeena",1981,182145.785714286,15.5348570342731
"Sockeye","Skeena",1982,246382.333333333,27.038666071661
"Sockeye","Skeena",1983,168378.777777778,19.580858608697
"Sockeye","Skeena",1984,142891.083333333,16.2778514188067
"Sockeye","Skeena",1985,267847.333333333,29.5591622909398
"Sockeye","Skeena",1986,100378.230769231,20.5731512694035
"Sockeye","Skeena",1987,80663.8125,20.8334777763314
"Sockeye","Skeena",1988,206578.866666667,31.9574885506914
"Sockeye","Skeena",1989,152878.928571429,17.8210191443909
"Sockeye","Skeena",1990,143777,18.5771241159197
"Sockeye","Skeena",1991,170827.533333333,35.9378502972822
"Sockeye","Skeena",1992,259866,49.0113517714697
"Sockeye","Skeena",1993,232455.866666667,45.0732482402097
"Sockeye","Skeena",1994,300607.714285714,29.0230441036744
"Sockeye","Skeena",1995,290208.307692308,52.6897540286826
"Sockeye","Skeena",1996,399912.153846154,46.2643435271786
"Sockeye","Skeena",1997,232250.615384615,49.760877375956
"Sockeye","Skeena",1998,71892.1818181818,14.8209339734104
"Sockeye","Skeena",1999,52481.9230769231,23.2570779185588
"Sockeye","Skeena",2000,295956.785714286,35.5471765218317
"Sockeye","Skeena",2001,266350.333333333,41.3371275983872
"Sockeye","Skeena",2002,74480.2666666667,20.0229038740081
"Sockeye","Skeena",2003,98294.2352941177,39.8701707495368
"Sockeye","Skeena",2004,92622.8125,24.2381876933525
"Sockeye","Skeena",2005,60495.6,15.516793291984
"Sockeye","Skeena",2006,166435.214285714,25.3985170557241
"Sockeye","Skeena",2007,105558.4375,18.8020505836251
"Sockeye","Skeena",2008,95862.9411764706,16.808485211045
"Sockeye","Skeena",2009,42273.0555555556,19.1265666583649
"Sockeye","Skeena",2010,49401.7647058823,25.6805398531334
"Sockeye","Skeena",2011,89956.6666666667,27.3887782239794
"Sockeye","Skeena",2012,103548.8125,43.1072166921646
"Sockeye","Skeena",2013,28183.4285714286,11.265147902523
"Sockeye","Skeena",2014,233080,34.9753124279447
"Sockeye","Skeena",2015,139027.2,33.303843663987
"Sockeye","Skeena",2016,117429.461538462,32.2413919081776
"Sockeye","Skeena",2017,50673.0588235294,21.376301493528
"Sockeye","VIMI",1977,481347.333333333,46.5437414331829
"Sockeye","VIMI",1978,125202.666666667,13.8396227998104
"Sockeye","VIMI",1979,354923,32.6239042733608
"Sockeye","VIMI",1980,357086.333333333,33.5463300419495
"Sockeye","VIMI",1981,450087.666666667,47.0085675347923
"Sockeye","VIMI",1982,313040.333333333,35.2055443193174
"Sockeye","VIMI",1983,520363,52.7823099459801
"Sockeye","VIMI",1984,404682.666666667,40.6851985405491
"Sockeye","VIMI",1985,255289.333333333,26.4249555127001
"Sockeye","VIMI",1986,142912.333333333,17.1493546314515
"Sockeye","VIMI",1987,275095.333333333,37.7996578071205
"Sockeye","VIMI",1988,317342.333333333,47.8420669925718
"Sockeye","VIMI",1989,153389,15.6889970004664
"Sockeye","VIMI",1990,118046.666666667,12.9421108372057
"Sockeye","VIMI",1991,618016.666666667,56.977216726378
"Sockeye","VIMI",1992,408116.333333333,62.5313748959211
"Sockeye","VIMI",1993,429763.666666667,43.9818426656687
"Sockeye","VIMI",1994,152391,15.5882655683753
"Sockeye","VIMI",1995,70753.3333333333,7.93020989020287
"Sockeye","VIMI",1996,175394,18.0754775214264
"Sockeye","VIMI",1997,178373.666666667,24.2425609202117
"Sockeye","VIMI",1998,259515.666666667,25.0196076627458
"Sockeye","VIMI",1999,172285.666666667,17.3033552315241
"Sockeye","VIMI",2000,102954,9.85211477483339
"Sockeye","VIMI",2001,350367.666666667,34.7991637447499
"Sockeye","VIMI",2002,406897.333333333,47.9071999575192
"Sockeye","VIMI",2003,337208,33.7043522613003
"Sockeye","VIMI",2004,244245.333333333,23.5494859904139
"Sockeye","VIMI",2005,161924.666666667,17.7869634718579
"Sockeye","VIMI",2006,111448,14.2671709107003
"Sockeye","VIMI",2007,61932.6666666667,8.18250349119242
"Sockeye","VIMI",2008,76025.6666666667,10.7651621889637
"Sockeye","VIMI",2009,188360,17.9997544510577
"Sockeye","VIMI",2010,627322.333333333,70.5056396022884
"Sockeye","VIMI",2011,542463,64.4091544246266
"Sockeye","VIMI",2012,277739.333333333,32.6039301745506
"Sockeye","VIMI",2013,271390.666666667,32.4093185023886
"Sockeye","VIMI",2014,434892,52.2875633888961
"Sockeye","VIMI",2015,719961.666666667,73.6801075968234
"Sockeye","VIMI",2016,390571,42.1884355963166
"Sockeye","VIMI",2017,186754.333333333,20.0373277022046
"Sockeye","Fraser",2012,2219156,9.43
"Sockeye","Fraser",2013,3928426,16.69
"Sockeye","Fraser",2014,20143305,85.58
"Sockeye","Fraser",2015,2230303,9.48
"Sockeye","Fraser",2016,893494,3.8
"Sockeye","Fraser",2017,1480835,6.29
"Sockeye","Fraser",2018,10621718,45.13
"Sockeye","Fraser",2019,493000,2.09
